Idx,Category,Qwen_Acc,Llama_Acc,Consensus_Acc,DASE_Acc,State,Steps,Cost,Duration,Infra_Noise,Infra_Noise_Rate
1,Frontier Math (AIME),0,0,0,0,UNSTABLE,15,1.196716,882.44,0,0.0
2,Frontier Math (AIME),0,1,1,1,STABLE,1,0.005768,19.0,0,0.0
3,Frontier Math (AIME),0,0,0,1,STABLE,1,0.015352,26.68,0,0.0
4,Frontier Math (AIME),0,0,0,1,STABLE,9,0.553612,417.71,0,0.0
5,Frontier Math (AIME),1,1,1,1,STABLE,1,0.024408,18.63,0,0.0
6,Frontier Math (AIME),0,0,0,0,UNSTABLE,15,0.914036,707.3,0,0.0
7,Frontier Math (AIME),0,0,0,1,STABLE,13,0.5905819999999999,466.06,0,0.0
8,Frontier Math (AIME),1,0,1,1,STABLE,1,0.028319999999999998,19.92,0,0.0
9,Frontier Math (AIME),1,0,1,1,STABLE,1,0.047008,35.88,0,0.0
10,Frontier Math (AIME),0,0,0,1,STABLE,1,0.041921999999999994,26.2,0,0.0
11,Frontier Math (AIME),1,0,1,1,STABLE,1,0.034398,23.0,0,0.0
12,Frontier Math (AIME),0,0,0,1,UNSTABLE,15,0.923932,790.04,0,0.0
13,Frontier Math (AIME),1,0,1,1,STABLE,1,0.027219999999999998,20.3,0,0.0
14,Frontier Math (AIME),1,0,1,1,STABLE,1,0.048279999999999997,31.24,0,0.0
15,Frontier Math (AIME),1,0,1,1,STABLE,1,0.047074,34.52,0,0.0
16,Frontier Math (AIME),1,0,1,1,STABLE,1,0.036106,34.3,0,0.0
17,Frontier Math (AIME),0,0,0,1,UNSTABLE,15,1.1693879999999999,842.34,0,0.0
18,Frontier Math (AIME),0,0,0,1,STABLE,1,0.029783999999999998,41.11,0,0.0
19,Frontier Math (AIME),0,0,0,1,STABLE,1,0.056282,50.36,0,0.0
20,Frontier Math (AIME),1,0,1,1,STABLE,12,0.680574,572.59,0,0.0
21,Frontier Math (AIME),0,0,0,1,STABLE,1,0.01347,14.55,0,0.0
22,Frontier Math (AIME),1,0,1,1,STABLE,1,0.054447999999999996,43.43,0,0.0
23,Frontier Math (AIME),0,0,0,0,UNSTABLE,15,0.981766,806.92,0,0.0
24,Frontier Math (AIME),0,0,0,0,STABLE,1,0.05468,43.57,0,0.0
25,Frontier Math (AIME),1,1,1,1,STABLE,1,0.01724,14.66,0,0.0
26,Frontier Math (AIME),1,0,1,1,STABLE,1,0.02771,33.77,0,0.0
27,Frontier Math (AIME),0,0,0,1,UNSTABLE,15,1.024226,822.01,0,0.0
28,Frontier Math (AIME),1,0,1,1,STABLE,1,0.040046,35.21,0,0.0
29,Frontier Math (AIME),1,0,1,1,STABLE,8,0.529956,416.45,0,0.0
30,Frontier Math (AIME),1,1,1,1,STABLE,1,0.046183999999999996,37.64,0,0.0
31,Frontier Math (AIME),1,1,1,1,STABLE,1,0.07532799999999999,56.74,0,0.0
32,Frontier Math (AIME),1,1,1,1,STABLE,1,0.057199999999999994,43.56,0,0.0
33,Frontier Math (AIME),0,0,0,1,STABLE,1,0.08491399999999999,74.01,0,0.0
34,Frontier Math (AIME),1,0,1,1,STABLE,1,0.057734,41.6,0,0.0
35,Frontier Math (AIME),1,1,1,1,STABLE,1,0.025782,23.24,0,0.0
36,Frontier Math (AIME),1,0,1,1,STABLE,1,0.074928,53.01,0,0.0
37,Frontier Math (AIME),1,0,1,1,STABLE,1,0.06802,56.97,0,0.0
38,Frontier Math (AIME),1,0,1,1,STABLE,1,0.047661999999999996,35.41,0,0.0
39,Frontier Math (AIME),1,0,1,1,STABLE,8,0.529322,507.24,0,0.0
40,Frontier Math (AIME),0,0,0,0,UNSTABLE,15,1.00792,799.96,0,0.0
41,Frontier Math (AIME),0,0,0,1,STABLE,12,0.351296,364.58,0,0.0
42,Frontier Math (AIME),1,0,1,1,STABLE,1,0.04192,28.42,0,0.0
43,Frontier Math (AIME),1,0,1,1,STABLE,1,0.040878,28.81,0,0.0
44,Frontier Math (AIME),1,0,1,1,STABLE,1,0.027915999999999996,23.28,0,0.0
45,Frontier Math (AIME),1,0,1,1,STABLE,1,0.058421999999999995,37.55,0,0.0
46,Frontier Math (AIME),0,0,0,1,UNSTABLE,15,0.881232,690.15,0,0.0
47,Frontier Math (AIME),1,0,1,1,STABLE,1,0.040487999999999996,29.04,0,0.0
48,Frontier Math (AIME),1,0,1,1,UNSTABLE,15,1.089486,775.27,0,0.0
49,Frontier Math (AIME),0,0,0,1,UNSTABLE,15,0.8617259999999999,740.8,0,0.0
50,Frontier Math (AIME),1,0,1,1,STABLE,1,0.03573,47.47,0,0.0
51,Frontier Math (AIME),1,0,1,1,STABLE,14,0.831324,886.22,0,0.0
52,Frontier Math (AIME),0,0,0,0,STABLE,1,0.089082,58.98,0,0.0
53,Frontier Math (AIME),0,1,0,1,UNSTABLE,15,0.94461,752.29,0,0.0
54,Frontier Math (AIME),1,0,1,1,STABLE,8,0.371558,269.73,0,0.0
55,Frontier Math (AIME),0,0,0,0,STABLE,1,0.036671999999999996,45.89,0,0.0
56,Frontier Math (AIME),0,0,0,0,STABLE,1,0.090152,73.73,0,0.0
57,Frontier Math (AIME),1,0,1,1,STABLE,1,0.06483599999999999,46.62,0,0.0
58,Frontier Math (AIME),1,0,1,1,STABLE,1,0.028713999999999996,38.38,0,0.0
59,Frontier Math (AIME),1,0,1,1,STABLE,1,0.06214,116.85,0,0.0
60,Frontier Math (AIME),0,0,0,0,STABLE,8,0.6401319999999999,432.67,0,0.0
61,Frontier Math (AIME),1,1,1,1,STABLE,1,0.013352,16.32,0,0.0
62,Frontier Math (AIME),1,0,1,1,STABLE,1,0.026434,30.78,0,0.0
63,Frontier Math (AIME),0,0,0,1,STABLE,9,0.42495,366.53,0,0.0
64,Frontier Math (AIME),1,0,1,1,STABLE,1,0.028998,27.65,0,0.0
65,Frontier Math (AIME),0,0,0,1,UNSTABLE,15,0.9382879999999999,712.16,0,0.0
66,Frontier Math (AIME),1,0,1,1,STABLE,1,0.07427199999999999,56.29,0,0.0
67,Frontier Math (AIME),0,0,0,0,UNSTABLE,15,0.6438419999999999,522.23,0,0.0
68,Frontier Math (AIME),0,0,0,1,STABLE,9,0.43668399999999996,326.25,0,0.0
69,Frontier Math (AIME),0,0,0,1,STABLE,1,0.08591599999999999,57.32,0,0.0
70,Frontier Math (AIME),1,0,1,1,UNSTABLE,15,1.000714,725.5,0,0.0
71,Frontier Math (AIME),1,0,1,1,STABLE,1,0.061427999999999996,40.01,0,0.0
72,Frontier Math (AIME),1,0,1,1,STABLE,1,0.042145999999999996,30.3,0,0.0
73,Frontier Math (AIME),0,0,0,1,UNSTABLE,15,0.908758,756.22,0,0.0
74,Frontier Math (AIME),0,0,0,1,UNSTABLE,15,0.7080259999999999,589.78,0,0.0
75,Frontier Math (AIME),1,0,1,1,STABLE,1,0.03885999999999999,34.8,0,0.0
76,Frontier Math (AIME),0,1,1,1,STABLE,1,0.05062799999999999,44.2,0,0.0
77,Frontier Math (AIME),1,1,1,1,STABLE,1,0.021733999999999996,15.83,0,0.0
78,Frontier Math (AIME),1,0,1,1,STABLE,1,0.022838,24.33,0,0.0
79,Frontier Math (AIME),0,0,0,0,STABLE,1,0.083462,52.06,0,0.0
80,Frontier Math (AIME),1,0,1,1,STABLE,1,0.027646,19.63,0,0.0
81,Frontier Math (AIME),0,0,0,1,STABLE,1,0.06395999999999999,46.87,0,0.0
82,Frontier Math (AIME),0,0,0,1,UNSTABLE,15,0.6701839999999999,563.98,0,0.0
83,Frontier Math (AIME),1,0,1,1,STABLE,1,0.049642,30.79,0,0.0
84,Frontier Math (AIME),1,0,1,1,STABLE,8,0.48301799999999995,449.68,0,0.0
85,Frontier Math (AIME),0,0,0,0,UNSTABLE,15,1.338222,952.35,0,0.0
86,Frontier Math (AIME),1,0,1,1,STABLE,1,0.030368,24.87,0,0.0
87,Frontier Math (AIME),0,0,0,1,STABLE,15,0.504864,366.56,0,0.0
88,Frontier Math (AIME),0,0,0,1,UNSTABLE,15,1.003794,789.83,0,0.0
89,Frontier Math (AIME),0,0,0,0,STABLE,1,0.060076000000000004,44.54,0,0.0
90,Frontier Math (AIME),1,1,1,1,STABLE,8,0.381932,330.9,0,0.0
91,Frontier Math (AIME),1,1,1,1,STABLE,1,0.038343999999999996,30.12,0,0.0
92,Frontier Math (AIME),0,0,0,0,UNSTABLE,15,1.202758,907.34,0,0.0
93,Frontier Math (AIME),0,0,0,1,STABLE,12,0.293906,296.2,0,0.0
94,Frontier Math (AIME),0,0,0,0,UNSTABLE,15,1.128034,787.06,0,0.0
95,Frontier Math (AIME),1,1,1,1,STABLE,1,0.068796,83.68,0,0.0
96,Frontier Math (AIME),1,0,1,1,STABLE,8,0.308266,279.51,0,0.0
97,Frontier Math (AIME),0,0,0,0,UNSTABLE,15,1.375334,1070.65,0,0.0
98,Frontier Math (AIME),1,0,1,1,STABLE,1,0.045351999999999996,29.25,0,0.0
99,Frontier Math (AIME),0,0,0,1,UNSTABLE,15,0.8804719999999999,722.04,0,0.0
100,Frontier Math (AIME),1,0,1,1,STABLE,1,0.032992,31.54,0,0.0
