Idx,Category,Qwen_Acc,Llama_Acc,Consensus_Acc,DASE_Acc,State,Steps,Cost,Duration,Commit_Method,EL_At_Commit,Lambda_At_Commit,MSPRT_Reject,Total_Tokens,Tokens_Step1,Tokens_Post_S1,Mean_Tokens_Per_Step,Total_Inferences,Tokens_Per_Inference,Total_Step_Duration_S,Mean_Step_Duration_S,Endpoint_Token_Breakdown,Infra_Noise,Infra_Noise_Rate
1,Frontier Math (AIME),1,0,1,1,STABLE,6,0.233124,183.96,mSPRT,0.0,20.683,True,43907,5837,38070,7317.8,30,1463.6,183.922,30.654,"{""databricks-qwen3-next-80b-a3b-instruct"": 28748, ""databricks-meta-llama-3-3-70b-instruct"": 15159}",0,0.0
2,Frontier Math (AIME),1,0,1,1,STABLE,1,0.07058999999999999,51.06,unanimous,0.1325,1.8333,False,12480,12480,0,12480.0,5,2496.0,51.027,51.027,"{""databricks-qwen3-next-80b-a3b-instruct"": 10335, ""databricks-meta-llama-3-3-70b-instruct"": 2145}",0,0.0
3,Frontier Math (AIME),1,0,1,1,STABLE,6,0.298852,220.13,mSPRT,0.0,20.683,True,53746,7103,46643,8957.7,30,1791.5,220.093,36.682,"{""databricks-qwen3-next-80b-a3b-instruct"": 41934, ""databricks-meta-llama-3-3-70b-instruct"": 11812}",0,0.0
4,Frontier Math (AIME),0,0,0,1,STABLE,14,1.058858,750.01,mSPRT,0.002,20.9251,True,185520,14084,171436,13251.4,70,2650.3,749.966,53.569,"{""databricks-qwen3-next-80b-a3b-instruct"": 158389, ""databricks-meta-llama-3-3-70b-instruct"": 27131}",0,0.0
5,Frontier Math (AIME),0,0,0,1,STABLE,6,0.173056,176.56,mSPRT,0.0015,26.9247,True,34190,5662,28528,5698.3,30,1139.7,176.486,29.414,"{""databricks-qwen3-next-80b-a3b-instruct"": 18148, ""databricks-meta-llama-3-3-70b-instruct"": 16042}",0,0.0
6,Frontier Math (AIME),0,0,0,1,STABLE,11,0.465354,468.06,mSPRT,0.152,21.0705,True,86710,3387,83323,7882.7,55,1576.5,468.001,42.546,"{""databricks-qwen3-next-80b-a3b-instruct"": 59257, ""databricks-meta-llama-3-3-70b-instruct"": 27453}",0,0.0
7,Frontier Math (AIME),1,0,1,1,STABLE,1,0.04836,44.72,unanimous,0.136,1.8333,False,8760,8760,0,8760.0,5,1752.0,44.683,44.683,"{""databricks-qwen3-next-80b-a3b-instruct"": 6660, ""databricks-meta-llama-3-3-70b-instruct"": 2100}",0,0.0
8,Frontier Math (AIME),1,0,1,1,STABLE,1,0.049907999999999994,43.01,unanimous,0.138,1.8333,False,8927,8927,0,8927.0,5,1785.4,42.974,42.974,"{""databricks-qwen3-next-80b-a3b-instruct"": 7100, ""databricks-meta-llama-3-3-70b-instruct"": 1827}",0,0.0
9,Frontier Math (AIME),0,0,0,0,UNSTABLE,15,1.242064,1182.06,fallback,0.7905,1.1333,False,218737,15696,203041,14582.5,75,2916.5,1182.012,78.801,"{""databricks-qwen3-next-80b-a3b-instruct"": 183558, ""databricks-meta-llama-3-3-70b-instruct"": 35179}",0,0.0
10,Frontier Math (AIME),0,0,0,0,UNSTABLE,15,1.297212,1124.73,fallback,0.6065,1.8944,False,227838,15191,212647,15189.2,75,3037.8,1124.683,74.979,"{""databricks-qwen3-next-80b-a3b-instruct"": 192930, ""databricks-meta-llama-3-3-70b-instruct"": 34908}",0,0.0
11,Frontier Math (AIME),0,0,0,0,UNSTABLE,15,1.298206,1037.06,fallback,0.1885,5.2107,False,227083,14487,212596,15138.9,75,3027.8,1037.007,69.134,"{""databricks-qwen3-next-80b-a3b-instruct"": 194937, ""databricks-meta-llama-3-3-70b-instruct"": 32146}",0,0.0
12,Frontier Math (AIME),1,0,1,1,STABLE,10,0.722738,612.48,EL-streak,0.011,11.8024,False,131311,15670,115641,13131.1,50,2626.2,612.44,61.244,"{""databricks-qwen3-next-80b-a3b-instruct"": 98747, ""databricks-meta-llama-3-3-70b-instruct"": 32564}",0,0.0
13,Frontier Math (AIME),0,0,0,0,UNSTABLE,15,1.1815779999999998,865.72,fallback,0.5755,2.0824,False,207954,14897,193057,13863.6,75,2772.7,865.659,57.711,"{""databricks-qwen3-next-80b-a3b-instruct"": 174881, ""databricks-meta-llama-3-3-70b-instruct"": 33073}",0,0.0
14,Frontier Math (AIME),0,0,0,0,UNSTABLE,15,1.1630539999999998,1202.61,fallback,0.746,3.8093,False,212893,8711,204182,14192.9,75,2838.6,1202.558,80.171,"{""databricks-qwen3-next-80b-a3b-instruct"": 155741, ""databricks-meta-llama-3-3-70b-instruct"": 57152}",0,0.0
15,Frontier Math (AIME),0,0,0,0,STABLE,11,0.9269739999999999,639.02,EL-streak,0.0405,3.0363,False,162120,15070,147050,14738.2,55,2947.6,638.978,58.089,"{""databricks-qwen3-next-80b-a3b-instruct"": 139247, ""databricks-meta-llama-3-3-70b-instruct"": 22873}",0,0.0
16,Frontier Math (AIME),0,0,0,1,STABLE,7,0.276138,292.53,mSPRT,0.0005,33.0575,True,51420,6942,44478,7345.7,35,1469.1,292.488,41.784,"{""databricks-qwen3-next-80b-a3b-instruct"": 35229, ""databricks-meta-llama-3-3-70b-instruct"": 16191}",0,0.0
17,Frontier Math (AIME),0,0,0,0,UNSTABLE,15,1.346722,954.35,fallback,0.6925,1.3712,False,239992,3252,236740,15999.5,75,3199.9,954.284,63.619,"{""databricks-qwen3-next-80b-a3b-instruct"": 193377, ""databricks-meta-llama-3-3-70b-instruct"": 46615}",0,0.0
18,Frontier Math (AIME),0,0,0,0,STABLE,11,0.590762,551.52,EL-streak,0.03,9.3814,False,106438,10584,95854,9676.2,55,1935.2,551.473,50.134,"{""databricks-qwen3-next-80b-a3b-instruct"": 82505, ""databricks-meta-llama-3-3-70b-instruct"": 23933}",0,0.0
19,Frontier Math (AIME),0,0,0,1,STABLE,11,0.9341959999999999,786.72,EL-streak,0.0,12.6128,False,166365,14423,151942,15124.1,55,3024.8,786.676,71.516,"{""databricks-qwen3-next-80b-a3b-instruct"": 134368, ""databricks-meta-llama-3-3-70b-instruct"": 31997}",0,0.0
20,Frontier Math (AIME),1,0,1,1,STABLE,1,0.04696,58.34,unanimous,0.1395,1.8333,False,8992,8992,0,8992.0,5,1798.4,58.305,58.305,"{""databricks-qwen3-next-80b-a3b-instruct"": 5496, ""databricks-meta-llama-3-3-70b-instruct"": 3496}",0,0.0
21,Frontier Math (AIME),0,0,0,1,STABLE,14,1.238872,1050.44,EL-streak,0.054,7.85,False,224011,17664,206347,16000.8,70,3200.2,1050.392,75.028,"{""databricks-qwen3-next-80b-a3b-instruct"": 171414, ""databricks-meta-llama-3-3-70b-instruct"": 52597}",0,0.0
22,Frontier Math (AIME),0,0,0,0,UNSTABLE,15,1.029356,694.55,fallback,0.498,1.3206,False,182311,13528,168783,12154.1,75,2430.8,694.482,46.299,"{""databricks-qwen3-next-80b-a3b-instruct"": 150056, ""databricks-meta-llama-3-3-70b-instruct"": 32255}",0,0.0
23,Frontier Math (AIME),0,0,0,0,STABLE,9,0.260946,315.4,mSPRT,0.039,26.6025,True,50276,10590,39686,5586.2,45,1117.2,315.363,35.04,"{""databricks-qwen3-next-80b-a3b-instruct"": 29921, ""databricks-meta-llama-3-3-70b-instruct"": 20355}",0,0.0
24,Frontier Math (AIME),0,0,0,1,STABLE,8,0.597788,451.4,mSPRT,0.002,23.4728,True,109389,4066,105323,13673.6,40,2734.7,451.367,56.421,"{""databricks-qwen3-next-80b-a3b-instruct"": 80116, ""databricks-meta-llama-3-3-70b-instruct"": 29273}",0,0.0
25,Frontier Math (AIME),1,0,1,1,STABLE,1,0.05023,33.09,unanimous,0.142,1.8333,False,8894,8894,0,8894.0,5,1778.8,33.045,33.045,"{""databricks-qwen3-next-80b-a3b-instruct"": 7327, ""databricks-meta-llama-3-3-70b-instruct"": 1567}",0,0.0
26,Frontier Math (AIME),0,0,0,0,STABLE,14,1.0462179999999999,721.38,mSPRT,0.4405,25.672,True,186115,15009,171106,13293.9,70,2658.8,721.322,51.523,"{""databricks-qwen3-next-80b-a3b-instruct"": 150879, ""databricks-meta-llama-3-3-70b-instruct"": 35236}",0,0.0
27,Frontier Math (AIME),0,0,0,0,UNSTABLE,15,0.8107599999999999,678.18,fallback,0.0185,11.6611,False,145805,1815,143990,9720.3,75,1944.1,678.135,45.209,"{""databricks-qwen3-next-80b-a3b-instruct"": 113770, ""databricks-meta-llama-3-3-70b-instruct"": 32035}",0,0.0
28,Frontier Math (AIME),0,0,0,0,UNSTABLE,15,0.656724,567.52,fallback,0.247,9.7876,False,120549,14772,105777,8036.6,75,1607.3,567.459,37.831,"{""databricks-qwen3-next-80b-a3b-instruct"": 87264, ""databricks-meta-llama-3-3-70b-instruct"": 33285}",0,0.0
29,Frontier Math (AIME),0,0,0,0,UNSTABLE,15,0.999636,665.16,fallback,0.8235,2.0815,False,178822,2064,176758,11921.5,75,2384.3,665.104,44.34,"{""databricks-qwen3-next-80b-a3b-instruct"": 142174, ""databricks-meta-llama-3-3-70b-instruct"": 36648}",0,0.0
30,Frontier Math (AIME),0,0,0,0,UNSTABLE,15,0.730914,624.29,fallback,0.1225,8.2498,False,134385,11255,123130,8959.0,75,1791.8,624.236,41.616,"{""databricks-qwen3-next-80b-a3b-instruct"": 96687, ""databricks-meta-llama-3-3-70b-instruct"": 37698}",0,0.0
31,Frontier Math (AIME),1,0,1,1,STABLE,15,0.757042,614.71,mSPRT,0.3935,30.1495,True,135626,12552,123074,9041.7,75,1808.3,614.661,40.977,"{""databricks-qwen3-next-80b-a3b-instruct"": 107269, ""databricks-meta-llama-3-3-70b-instruct"": 28357}",0,0.0
32,Frontier Math (AIME),0,0,0,0,UNSTABLE,15,1.183212,837.03,fallback,0.5635,3.0245,False,215099,2444,212655,14339.9,75,2868.0,836.961,55.797,"{""databricks-qwen3-next-80b-a3b-instruct"": 161408, ""databricks-meta-llama-3-3-70b-instruct"": 53691}",0,0.0
33,Frontier Math (AIME),0,1,0,1,STABLE,6,0.24178399999999997,189.29,mSPRT,0.0,29.1684,True,43813,7874,35939,7302.2,30,1460.4,189.245,31.541,"{""databricks-qwen3-next-80b-a3b-instruct"": 33266, ""databricks-meta-llama-3-3-70b-instruct"": 10547}",0,0.0
34,Frontier Math (AIME),0,0,0,0,UNSTABLE,15,0.9974139999999999,819.98,fallback,0.344,5.5187,False,185360,3831,181529,12357.3,75,2471.5,819.933,54.662,"{""databricks-qwen3-next-80b-a3b-instruct"": 127987, ""databricks-meta-llama-3-3-70b-instruct"": 57373}",0,0.0
35,Frontier Math (AIME),1,0,1,1,STABLE,1,0.071308,74.06,unanimous,0.141,1.8333,False,13529,13529,0,13529.0,5,2705.8,74.028,74.028,"{""databricks-qwen3-next-80b-a3b-instruct"": 8596, ""databricks-meta-llama-3-3-70b-instruct"": 4933}",0,0.0
36,Frontier Math (AIME),0,0,0,0,STABLE,10,0.8643279999999999,553.28,EL-streak,0.003,14.4223,False,151163,14451,136712,15116.3,50,3023.3,553.233,55.323,"{""databricks-qwen3-next-80b-a3b-instruct"": 129838, ""databricks-meta-llama-3-3-70b-instruct"": 21325}",0,0.0
37,Frontier Math (AIME),1,0,1,1,STABLE,1,0.05971,40.81,unanimous,0.1385,1.8333,False,10646,10646,0,10646.0,5,2129.2,40.769,40.769,"{""databricks-qwen3-next-80b-a3b-instruct"": 8563, ""databricks-meta-llama-3-3-70b-instruct"": 2083}",0,0.0
38,Frontier Math (AIME),1,0,1,1,STABLE,1,0.06498,46.68,unanimous,0.1325,1.8333,False,11911,11911,0,11911.0,5,2382.2,46.643,46.643,"{""databricks-qwen3-next-80b-a3b-instruct"": 8668, ""databricks-meta-llama-3-3-70b-instruct"": 3243}",0,0.0
39,Frontier Math (AIME),0,0,0,0,STABLE,12,0.45472799999999997,485.11,mSPRT,0.002,30.2352,True,85281,13673,71608,7106.8,60,1421.3,485.059,40.422,"{""databricks-qwen3-next-80b-a3b-instruct"": 56802, ""databricks-meta-llama-3-3-70b-instruct"": 28479}",0,0.0
40,Frontier Math (AIME),0,0,0,0,UNSTABLE,15,1.065642,770.04,fallback,0.5805,2.8753,False,191347,2506,188841,12756.5,75,2551.3,769.988,51.333,"{""databricks-qwen3-next-80b-a3b-instruct"": 150127, ""databricks-meta-llama-3-3-70b-instruct"": 41220}",0,0.0
41,Frontier Math (AIME),0,0,0,0,STABLE,14,0.744522,609.91,mSPRT,0.3365,22.245,True,134370,10349,124021,9597.9,70,1919.6,609.857,43.561,"{""databricks-qwen3-next-80b-a3b-instruct"": 103521, ""databricks-meta-llama-3-3-70b-instruct"": 30849}",0,0.0
42,Frontier Math (AIME),0,0,0,0,STABLE,15,0.9197679999999999,749.14,EL-streak,0.073,3.7369,False,165965,15044,150921,11064.3,75,2212.9,749.076,49.938,"{""databricks-qwen3-next-80b-a3b-instruct"": 127954, ""databricks-meta-llama-3-3-70b-instruct"": 38011}",0,0.0
43,Frontier Math (AIME),0,0,0,1,STABLE,8,0.461586,368.87,mSPRT,0.0,29.1684,True,84085,3261,80824,10510.6,40,2102.1,368.836,46.105,"{""databricks-qwen3-next-80b-a3b-instruct"": 62623, ""databricks-meta-llama-3-3-70b-instruct"": 21462}",0,0.0
44,Frontier Math (AIME),1,0,1,1,STABLE,9,0.636496,427.76,EL-streak+mSPRT,0.0015,25.5897,True,113094,13169,99925,12566.0,45,2513.2,427.725,47.525,"{""databricks-qwen3-next-80b-a3b-instruct"": 92060, ""databricks-meta-llama-3-3-70b-instruct"": 21034}",0,0.0
45,Frontier Math (AIME),0,0,0,1,STABLE,5,0.087708,96.7,mSPRT,0.0005,20.7113,True,17615,3848,13767,3523.0,25,704.6,96.667,19.333,"{""databricks-qwen3-next-80b-a3b-instruct"": 8624, ""databricks-meta-llama-3-3-70b-instruct"": 8991}",0,0.0
46,Frontier Math (AIME),0,0,0,1,UNSTABLE,15,1.26284,953.09,fallback,0.4035,5.9082,False,232675,9060,223615,15511.7,75,3102.3,953.047,63.536,"{""databricks-qwen3-next-80b-a3b-instruct"": 166070, ""databricks-meta-llama-3-3-70b-instruct"": 66605}",0,0.0
47,Frontier Math (AIME),0,0,0,0,UNSTABLE,15,1.015796,715.52,fallback,0.656,7.3715,False,181512,14549,166963,12100.8,75,2420.2,715.466,47.698,"{""databricks-qwen3-next-80b-a3b-instruct"": 144874, ""databricks-meta-llama-3-3-70b-instruct"": 36638}",0,0.0
48,Frontier Math (AIME),0,0,0,0,UNSTABLE,15,0.618552,519.38,fallback,0.646,3.8333,False,112693,10161,102532,7512.9,75,1502.6,519.327,34.622,"{""databricks-qwen3-next-80b-a3b-instruct"": 83890, ""databricks-meta-llama-3-3-70b-instruct"": 28803}",0,0.0
49,Frontier Math (AIME),0,0,0,0,UNSTABLE,15,1.28012,865.17,fallback,0.436,9.2691,False,227424,15320,212104,15161.6,75,3032.3,865.115,57.674,"{""databricks-qwen3-next-80b-a3b-instruct"": 185212, ""databricks-meta-llama-3-3-70b-instruct"": 42212}",0,0.0
50,Frontier Math (AIME),1,0,1,1,STABLE,1,0.042296,31.16,unanimous,0.125,1.8333,False,7556,7556,0,7556.0,5,1511.2,31.131,31.131,"{""databricks-qwen3-next-80b-a3b-instruct"": 6036, ""databricks-meta-llama-3-3-70b-instruct"": 1520}",0,0.0
51,Frontier Math (AIME),1,0,1,1,STABLE,1,0.029594,26.64,unanimous,0.124,1.8333,False,5617,5617,0,5617.0,5,1123.4,26.606,26.606,"{""databricks-qwen3-next-80b-a3b-instruct"": 3563, ""databricks-meta-llama-3-3-70b-instruct"": 2054}",0,0.0
52,Frontier Math (AIME),0,0,0,0,UNSTABLE,15,0.701526,724.77,fallback,0.7065,1.8333,False,134862,8632,126230,8990.8,75,1798.2,724.718,48.315,"{""databricks-qwen3-next-80b-a3b-instruct"": 81039, ""databricks-meta-llama-3-3-70b-instruct"": 53823}",0,0.0
53,Frontier Math (AIME),0,0,0,1,UNSTABLE,15,1.111478,836.35,fallback,0.5805,6.3606,False,200798,15821,184977,13386.5,75,2677.3,836.3,55.753,"{""databricks-qwen3-next-80b-a3b-instruct"": 154143, ""databricks-meta-llama-3-3-70b-instruct"": 46655}",0,0.0
54,Frontier Math (AIME),0,0,0,1,STABLE,11,0.598656,411.2,mSPRT,0.0,36.0373,True,107715,4233,103482,9792.3,55,1958.5,411.16,37.378,"{""databricks-qwen3-next-80b-a3b-instruct"": 83898, ""databricks-meta-llama-3-3-70b-instruct"": 23817}",0,0.0
55,Frontier Math (AIME),0,0,0,0,UNSTABLE,15,1.1391099999999998,714.46,fallback,0.4345,8.1319,False,202912,12608,190304,13527.5,75,2705.5,714.396,47.626,"{""databricks-qwen3-next-80b-a3b-instruct"": 163731, ""databricks-meta-llama-3-3-70b-instruct"": 39181}",0,0.0
56,Frontier Math (AIME),1,0,1,1,STABLE,5,0.28536399999999995,215.92,mSPRT,0.003,20.7113,True,51777,12969,38808,10355.4,25,2071.1,215.872,43.174,"{""databricks-qwen3-next-80b-a3b-instruct"": 39128, ""databricks-meta-llama-3-3-70b-instruct"": 12649}",0,0.0
57,Frontier Math (AIME),1,0,1,1,STABLE,5,0.051469999999999995,74.76,mSPRT,0.0015,20.7113,True,11214,2367,8847,2242.8,25,448.6,74.729,14.946,"{""databricks-qwen3-next-80b-a3b-instruct"": 3307, ""databricks-meta-llama-3-3-70b-instruct"": 7907}",0,0.0
58,Frontier Math (AIME),0,0,0,0,UNSTABLE,15,1.02258,733.53,fallback,0.1855,15.7584,False,182249,6637,175612,12149.9,75,2430.0,733.469,48.898,"{""databricks-qwen3-next-80b-a3b-instruct"": 146792, ""databricks-meta-llama-3-3-70b-instruct"": 35457}",0,0.0
59,Frontier Math (AIME),1,0,1,0,STABLE,15,0.607108,584.92,EL-streak,0.145,6.5967,False,113219,12063,101156,7547.9,75,1509.6,584.866,38.991,"{""databricks-qwen3-next-80b-a3b-instruct"": 77116, ""databricks-meta-llama-3-3-70b-instruct"": 36103}",0,0.0
60,Frontier Math (AIME),0,0,0,0,UNSTABLE,15,1.192426,1080.27,fallback,0.233,3.0129,False,208064,14732,193332,13870.9,75,2774.2,1080.212,72.014,"{""databricks-qwen3-next-80b-a3b-instruct"": 180085, ""databricks-meta-llama-3-3-70b-instruct"": 27979}",0,0.0
61,Frontier Math (AIME),0,0,0,0,UNSTABLE,15,1.42017,1047.76,fallback,0.1245,11.7153,False,251919,15402,236517,16794.6,75,3358.9,1047.713,69.848,"{""databricks-qwen3-next-80b-a3b-instruct"": 206247, ""databricks-meta-llama-3-3-70b-instruct"": 45672}",0,0.0
62,Frontier Math (AIME),1,0,1,1,STABLE,6,0.250896,209.34,mSPRT,0.001,20.7113,True,47769,10249,37520,7961.5,30,1592.3,209.3,34.883,"{""databricks-qwen3-next-80b-a3b-instruct"": 29910, ""databricks-meta-llama-3-3-70b-instruct"": 17859}",0,0.0
63,Frontier Math (AIME),1,0,1,1,STABLE,5,0.10988999999999999,117.44,mSPRT,0.0005,20.7113,True,21497,3953,17544,4299.4,25,859.9,117.396,23.479,"{""databricks-qwen3-next-80b-a3b-instruct"": 11951, ""databricks-meta-llama-3-3-70b-instruct"": 9546}",0,0.0
64,Frontier Math (AIME),1,0,1,1,STABLE,1,0.059372,53.02,unanimous,0.1285,1.8333,False,10927,10927,0,10927.0,5,2185.4,52.984,52.984,"{""databricks-qwen3-next-80b-a3b-instruct"": 7832, ""databricks-meta-llama-3-3-70b-instruct"": 3095}",0,0.0
65,Frontier Math (AIME),0,0,0,0,UNSTABLE,15,1.205668,850.79,fallback,0.6705,2.2494,False,211841,14728,197113,14122.7,75,2824.5,850.721,56.715,"{""databricks-qwen3-next-80b-a3b-instruct"": 179152, ""databricks-meta-llama-3-3-70b-instruct"": 32689}",0,0.0
66,Frontier Math (AIME),0,0,0,0,STABLE,8,0.342072,290.69,mSPRT,0.0125,30.1495,True,62561,9930,52631,7820.1,40,1564.0,290.637,36.33,"{""databricks-qwen3-next-80b-a3b-instruct"": 45914, ""databricks-meta-llama-3-3-70b-instruct"": 16647}",0,0.0
67,Frontier Math (AIME),0,0,0,0,UNSTABLE,15,0.926122,685.68,fallback,0.0585,4.6899,False,164796,7217,157579,10986.4,75,2197.3,685.628,45.709,"{""databricks-qwen3-next-80b-a3b-instruct"": 133469, ""databricks-meta-llama-3-3-70b-instruct"": 31327}",0,0.0
68,Frontier Math (AIME),0,0,0,0,UNSTABLE,15,0.396488,444.44,fallback,0.2655,6.0412,False,75109,6338,68771,5007.3,75,1001.5,444.396,29.626,"{""databricks-qwen3-next-80b-a3b-instruct"": 48026, ""databricks-meta-llama-3-3-70b-instruct"": 27083}",0,0.0
69,Frontier Math (AIME),0,0,0,1,STABLE,13,0.9848219999999999,724.77,EL-streak,0.106,6.5412,False,177856,2605,175251,13681.2,65,2736.2,724.709,55.747,"{""databricks-qwen3-next-80b-a3b-instruct"": 136699, ""databricks-meta-llama-3-3-70b-instruct"": 41157}",0,0.0
70,Frontier Math (AIME),0,0,0,0,UNSTABLE,15,1.057712,667.31,fallback,0.379,18.542,False,191417,16554,174863,12761.1,75,2552.2,667.258,44.484,"{""databricks-qwen3-next-80b-a3b-instruct"": 146022, ""databricks-meta-llama-3-3-70b-instruct"": 45395}",0,0.0
71,Frontier Math (AIME),0,0,0,1,STABLE,9,0.227124,249.57,mSPRT,0.0,20.7113,True,45306,2107,43199,5034.0,45,1006.8,249.528,27.725,"{""databricks-qwen3-next-80b-a3b-instruct"": 22950, ""databricks-meta-llama-3-3-70b-instruct"": 22356}",0,0.0
72,Frontier Math (AIME),1,0,1,1,STABLE,6,0.39239199999999996,259.41,mSPRT,0.0005,22.4066,True,72067,12361,59706,12011.2,30,2402.2,259.372,43.229,"{""databricks-qwen3-next-80b-a3b-instruct"": 52062, ""databricks-meta-llama-3-3-70b-instruct"": 20005}",0,0.0
73,Frontier Math (AIME),1,1,1,1,STABLE,1,0.035132,24.84,unanimous,0.0635,1.8333,False,6448,6448,0,6448.0,5,1289.6,24.814,24.814,"{""databricks-qwen3-next-80b-a3b-instruct"": 4670, ""databricks-meta-llama-3-3-70b-instruct"": 1778}",0,0.0
74,Frontier Math (AIME),0,0,0,1,UNSTABLE,15,1.149028,788.29,fallback,0.3655,2.77,False,202836,15380,187456,13522.4,75,2704.5,788.236,52.549,"{""databricks-qwen3-next-80b-a3b-instruct"": 168842, ""databricks-meta-llama-3-3-70b-instruct"": 33994}",0,0.0
75,Frontier Math (AIME),1,0,1,0,UNSTABLE,15,0.431342,477.06,fallback,0.3905,5.7994,False,85144,10559,74585,5676.3,75,1135.3,477.014,31.801,"{""databricks-qwen3-next-80b-a3b-instruct"": 45383, ""databricks-meta-llama-3-3-70b-instruct"": 39761}",0,0.0
76,Frontier Math (AIME),0,0,0,0,UNSTABLE,15,1.112248,739.5,fallback,0.0475,11.6856,False,197832,14887,182945,13188.8,75,2637.8,739.445,49.296,"{""databricks-qwen3-next-80b-a3b-instruct"": 160460, ""databricks-meta-llama-3-3-70b-instruct"": 37372}",0,0.0
77,Frontier Math (AIME),0,0,0,0,UNSTABLE,15,0.799052,573.47,fallback,0.663,3.6454,False,147275,7418,139857,9818.3,75,1963.7,573.426,38.228,"{""databricks-qwen3-next-80b-a3b-instruct"": 104976, ""databricks-meta-llama-3-3-70b-instruct"": 42299}",0,0.0
78,Frontier Math (AIME),1,0,1,1,STABLE,6,0.272262,188.56,mSPRT,0.0,29.1684,True,49710,8383,41327,8285.0,30,1657.0,188.526,31.421,"{""databricks-qwen3-next-80b-a3b-instruct"": 36711, ""databricks-meta-llama-3-3-70b-instruct"": 12999}",0,0.0
79,Frontier Math (AIME),0,0,0,1,STABLE,10,0.30793,300.49,mSPRT,0.001,30.5146,True,60463,6912,53551,6046.3,50,1209.3,300.446,30.045,"{""databricks-qwen3-next-80b-a3b-instruct"": 33039, ""databricks-meta-llama-3-3-70b-instruct"": 27424}",0,0.0
80,Frontier Math (AIME),1,0,1,1,STABLE,1,0.06214199999999999,40.63,unanimous,0.1255,1.8333,False,11093,11093,0,11093.0,5,2218.6,40.604,40.604,"{""databricks-qwen3-next-80b-a3b-instruct"": 8885, ""databricks-meta-llama-3-3-70b-instruct"": 2208}",0,0.0
81,Frontier Math (AIME),0,0,0,0,STABLE,10,0.7370699999999999,471.96,EL-streak+mSPRT,0.007,27.4893,True,130090,13090,117000,13009.0,50,2601.8,471.919,47.192,"{""databricks-qwen3-next-80b-a3b-instruct"": 108355, ""databricks-meta-llama-3-3-70b-instruct"": 21735}",0,0.0
82,Frontier Math (AIME),0,0,0,0,STABLE,12,0.4803799999999999,469.58,mSPRT,0.551,20.7113,True,87934,10608,77326,7327.8,60,1465.6,469.541,39.128,"{""databricks-qwen3-next-80b-a3b-instruct"": 64322, ""databricks-meta-llama-3-3-70b-instruct"": 23612}",0,0.0
83,Frontier Math (AIME),0,0,0,0,STABLE,12,0.81136,569.19,EL-streak,0.1355,3.5908,False,145532,2277,143255,12127.7,60,2425.5,569.139,47.428,"{""databricks-qwen3-next-80b-a3b-instruct"": 114616, ""databricks-meta-llama-3-3-70b-instruct"": 30916}",0,0.0
84,Frontier Math (AIME),1,0,1,1,STABLE,1,0.048718,35.87,unanimous,0.14,1.8333,False,8914,8914,0,8914.0,5,1782.8,35.839,35.839,"{""databricks-qwen3-next-80b-a3b-instruct"": 6531, ""databricks-meta-llama-3-3-70b-instruct"": 2383}",0,0.0
85,Frontier Math (AIME),0,0,0,1,STABLE,10,0.390926,323.34,EL-streak+mSPRT,0.01,24.7858,True,72056,9983,62073,7205.6,50,1441.1,323.303,32.33,"{""databricks-qwen3-next-80b-a3b-instruct"": 51351, ""databricks-meta-llama-3-3-70b-instruct"": 20705}",0,0.0
86,Frontier Math (AIME),0,0,0,0,UNSTABLE,15,1.027482,669.22,fallback,0.5105,10.5027,False,186828,4367,182461,12455.2,75,2491.0,669.167,44.611,"{""databricks-qwen3-next-80b-a3b-instruct"": 140085, ""databricks-meta-llama-3-3-70b-instruct"": 46743}",0,0.0
87,Frontier Math (AIME),1,0,1,1,STABLE,1,0.05153,29.39,unanimous,0.131,1.8333,False,9107,9107,0,9107.0,5,1821.4,29.355,29.355,"{""databricks-qwen3-next-80b-a3b-instruct"": 7551, ""databricks-meta-llama-3-3-70b-instruct"": 1556}",0,0.0
88,Frontier Math (AIME),0,0,0,0,UNSTABLE,15,0.719472,583.59,fallback,0.5155,3.028,False,131273,6582,124691,8751.5,75,1750.3,583.541,38.903,"{""databricks-qwen3-next-80b-a3b-instruct"": 97190, ""databricks-meta-llama-3-3-70b-instruct"": 34083}",0,0.0
89,Frontier Math (AIME),0,0,0,0,UNSTABLE,15,0.898762,752.2,fallback,0.6265,3.463,False,164214,2408,161806,10947.6,75,2189.5,752.151,50.143,"{""databricks-qwen3-next-80b-a3b-instruct"": 120953, ""databricks-meta-llama-3-3-70b-instruct"": 43261}",0,0.0
90,Frontier Math (AIME),0,0,0,0,UNSTABLE,15,1.0352759999999999,756.0,fallback,0.4815,8.6047,False,186722,15344,171378,12448.1,75,2489.6,755.955,50.397,"{""databricks-qwen3-next-80b-a3b-instruct"": 144194, ""databricks-meta-llama-3-3-70b-instruct"": 42528}",0,0.0
91,Frontier Math (AIME),0,1,1,1,STABLE,6,0.056636,102.97,mSPRT,0.0095,20.7113,True,12129,941,11188,2021.5,30,404.3,102.925,17.154,"{""databricks-qwen3-next-80b-a3b-instruct"": 4060, ""databricks-meta-llama-3-3-70b-instruct"": 8069}",0,0.0
92,Frontier Math (AIME),0,0,0,0,UNSTABLE,15,1.1184459999999998,708.15,fallback,0.626,13.0943,False,196293,1464,194829,13086.2,75,2617.2,708.102,47.207,"{""databricks-qwen3-next-80b-a3b-instruct"": 166637, ""databricks-meta-llama-3-3-70b-instruct"": 29656}",0,0.0
93,Frontier Math (AIME),0,0,0,0,STABLE,12,0.48147399999999996,452.3,mSPRT,0.0045,35.1535,True,89947,6276,83671,7495.6,60,1499.1,452.239,37.687,"{""databricks-qwen3-next-80b-a3b-instruct"": 60843, ""databricks-meta-llama-3-3-70b-instruct"": 29104}",0,0.0
94,Frontier Math (AIME),0,0,0,0,STABLE,14,0.5568500000000001,495.33,mSPRT,0.081,20.7113,True,104340,2369,101971,7452.9,70,1490.6,495.288,35.378,"{""databricks-qwen3-next-80b-a3b-instruct"": 69745, ""databricks-meta-llama-3-3-70b-instruct"": 34595}",0,0.0
95,Frontier Math (AIME),1,0,1,1,STABLE,1,0.04664599999999999,45.12,unanimous,0.124,1.8333,False,9079,9079,0,9079.0,5,1815.8,45.086,45.086,"{""databricks-qwen3-next-80b-a3b-instruct"": 5165, ""databricks-meta-llama-3-3-70b-instruct"": 3914}",0,0.0
96,Frontier Math (AIME),0,0,0,1,STABLE,7,0.543472,338.8,mSPRT,0.0,28.095,True,95899,12427,83472,13699.9,35,2740.0,338.759,48.394,"{""databricks-qwen3-next-80b-a3b-instruct"": 79938, ""databricks-meta-llama-3-3-70b-instruct"": 15961}",0,0.0
97,Frontier Math (AIME),0,0,0,1,UNSTABLE,15,0.73944,664.96,fallback,0.399,9.3303,False,135688,10863,124825,9045.9,75,1809.2,664.913,44.328,"{""databricks-qwen3-next-80b-a3b-instruct"": 98344, ""databricks-meta-llama-3-3-70b-instruct"": 37344}",0,0.0
98,Frontier Math (AIME),0,0,0,1,STABLE,8,0.46477,351.68,mSPRT,0.002,20.7113,True,84277,6353,77924,10534.6,40,2106.9,351.643,43.955,"{""databricks-qwen3-next-80b-a3b-instruct"": 63831, ""databricks-meta-llama-3-3-70b-instruct"": 20446}",0,0.0
99,Frontier Math (AIME),1,0,1,1,STABLE,9,0.61271,397.79,EL-streak+mSPRT,0.0,25.0528,True,109007,11309,97698,12111.9,45,2422.4,397.743,44.194,"{""databricks-qwen3-next-80b-a3b-instruct"": 88341, ""databricks-meta-llama-3-3-70b-instruct"": 20666}",0,0.0
100,Frontier Math (AIME),0,0,0,1,STABLE,7,0.374974,281.93,mSPRT,0.0005,23.4408,True,68605,10551,58054,9800.7,35,1960.1,281.896,40.271,"{""databricks-qwen3-next-80b-a3b-instruct"": 50277, ""databricks-meta-llama-3-3-70b-instruct"": 18328}",0,0.0
101,Frontier Math (AIME),0,0,0,1,STABLE,10,0.5584659999999999,488.44,mSPRT,0.0,23.4728,True,105366,11757,93609,10536.6,50,2107.3,488.404,48.84,"{""databricks-qwen3-next-80b-a3b-instruct"": 68501, ""databricks-meta-llama-3-3-70b-instruct"": 36865}",0,0.0
102,Frontier Math (AIME),1,0,1,1,STABLE,1,0.068008,50.72,unanimous,0.067,1.8333,False,12035,12035,0,12035.0,5,2407.0,50.694,50.694,"{""databricks-qwen3-next-80b-a3b-instruct"": 9934, ""databricks-meta-llama-3-3-70b-instruct"": 2101}",0,0.0
103,Frontier Math (AIME),1,0,1,1,STABLE,6,0.41603999999999997,255.69,mSPRT,0.0,23.4728,True,73855,11515,62340,12309.2,30,2461.8,255.656,42.609,"{""databricks-qwen3-next-80b-a3b-instruct"": 60310, ""databricks-meta-llama-3-3-70b-instruct"": 13545}",0,0.0
104,Frontier Math (AIME),0,0,0,0,UNSTABLE,15,0.897354,687.45,fallback,0.337,3.0635,False,162450,15648,146802,10830.0,75,2166.0,687.398,45.827,"{""databricks-qwen3-next-80b-a3b-instruct"": 123777, ""databricks-meta-llama-3-3-70b-instruct"": 38673}",0,0.0
105,Frontier Math (AIME),0,0,0,1,STABLE,9,0.249916,262.61,mSPRT,0.001,20.7113,True,49489,5329,44160,5498.8,45,1099.8,262.571,29.175,"{""databricks-qwen3-next-80b-a3b-instruct"": 25980, ""databricks-meta-llama-3-3-70b-instruct"": 23509}",0,0.0
106,Frontier Math (AIME),1,0,1,1,STABLE,1,0.01672,10.63,unanimous,0.1355,1.8333,False,3136,3136,0,3136.0,5,627.2,10.599,10.599,"{""databricks-qwen3-next-80b-a3b-instruct"": 2088, ""databricks-meta-llama-3-3-70b-instruct"": 1048}",0,0.0
107,Frontier Math (AIME),0,0,0,0,UNSTABLE,15,1.24952,872.61,fallback,0.778,3.5183,False,221298,15167,206131,14753.2,75,2950.6,872.563,58.171,"{""databricks-qwen3-next-80b-a3b-instruct"": 182164, ""databricks-meta-llama-3-3-70b-instruct"": 39134}",0,0.0
108,Frontier Math (AIME),0,0,0,0,UNSTABLE,15,0.636554,605.94,fallback,0.8075,3.8093,False,118614,2860,115754,7907.6,75,1581.5,605.89,40.393,"{""databricks-qwen3-next-80b-a3b-instruct"": 81049, ""databricks-meta-llama-3-3-70b-instruct"": 37565}",0,0.0
109,Frontier Math (AIME),1,0,1,1,STABLE,1,0.02174,16.34,unanimous,0.1275,1.8333,False,4088,4088,0,4088.0,5,817.6,16.31,16.31,"{""databricks-qwen3-next-80b-a3b-instruct"": 2694, ""databricks-meta-llama-3-3-70b-instruct"": 1394}",0,0.0
110,Frontier Math (AIME),1,0,1,1,STABLE,12,1.02383,734.91,EL-streak,0.005,10.246,False,182666,14672,167994,15222.2,60,3044.4,734.861,61.238,"{""databricks-qwen3-next-80b-a3b-instruct"": 146583, ""databricks-meta-llama-3-3-70b-instruct"": 36083}",0,0.0
111,Frontier Math (AIME),0,0,0,1,STABLE,8,0.45519,542.2,mSPRT,0.0,34.0914,True,84397,6688,77709,10549.6,40,2109.9,542.151,67.769,"{""databricks-qwen3-next-80b-a3b-instruct"": 58801, ""databricks-meta-llama-3-3-70b-instruct"": 25596}",0,0.0
112,Frontier Math (AIME),0,1,1,1,UNSTABLE,15,1.362684,975.28,fallback,0.23,11.9588,False,243788,15234,228554,16252.5,75,3250.5,975.217,65.014,"{""databricks-qwen3-next-80b-a3b-instruct"": 193766, ""databricks-meta-llama-3-3-70b-instruct"": 50022}",0,0.0
113,Frontier Math (AIME),1,1,1,1,STABLE,1,0.064718,42.77,unanimous,0.062,1.8333,False,11528,11528,0,11528.0,5,2305.6,42.744,42.744,"{""databricks-qwen3-next-80b-a3b-instruct"": 9303, ""databricks-meta-llama-3-3-70b-instruct"": 2225}",0,0.0
114,Frontier Math (AIME),1,0,1,1,UNSTABLE,15,0.61209,570.8,fallback,0.0455,8.0715,False,113302,8832,104470,7553.5,75,1510.7,570.741,38.049,"{""databricks-qwen3-next-80b-a3b-instruct"": 79441, ""databricks-meta-llama-3-3-70b-instruct"": 33861}",0,0.0
115,Frontier Math (AIME),0,0,0,0,UNSTABLE,15,1.25436,831.55,fallback,0.3925,8.3696,False,221849,15157,206692,14789.9,75,2958.0,831.488,55.433,"{""databricks-qwen3-next-80b-a3b-instruct"": 183482, ""databricks-meta-llama-3-3-70b-instruct"": 38367}",0,0.0
116,Frontier Math (AIME),1,0,1,1,STABLE,6,0.337288,239.44,mSPRT,0.0,25.3782,True,61789,8504,53285,10298.2,30,2059.6,239.402,39.9,"{""databricks-qwen3-next-80b-a3b-instruct"": 45066, ""databricks-meta-llama-3-3-70b-instruct"": 16723}",0,0.0
117,Frontier Math (AIME),0,0,0,0,STABLE,7,0.610528,368.7,mSPRT,0.0055,26.9247,True,106714,15533,91181,15244.9,35,3049.0,368.66,52.666,"{""databricks-qwen3-next-80b-a3b-instruct"": 91836, ""databricks-meta-llama-3-3-70b-instruct"": 14878}",0,0.0
118,Frontier Math (AIME),0,0,0,0,STABLE,14,0.7505979999999999,638.05,mSPRT,0.1025,26.9247,True,136374,10630,125744,9741.0,70,1948.2,638.002,45.572,"{""databricks-qwen3-next-80b-a3b-instruct"": 102551, ""databricks-meta-llama-3-3-70b-instruct"": 33823}",0,0.0
119,Frontier Math (AIME),0,1,1,1,STABLE,9,0.25332,339.61,EL-streak,0.089,6.3674,False,48790,9867,38923,5421.1,45,1084.2,339.57,37.73,"{""databricks-qwen3-next-80b-a3b-instruct"": 29080, ""databricks-meta-llama-3-3-70b-instruct"": 19710}",0,0.0
120,Frontier Math (AIME),1,0,1,1,STABLE,1,0.074822,56.94,unanimous,0.126,1.8333,False,13197,13197,0,13197.0,5,2639.4,56.905,56.905,"{""databricks-qwen3-next-80b-a3b-instruct"": 11017, ""databricks-meta-llama-3-3-70b-instruct"": 2180}",0,0.0
121,Frontier Math (AIME),1,0,1,1,STABLE,1,0.04162,41.61,unanimous,0.117,1.8333,False,7690,7690,0,7690.0,5,1538.0,41.56,41.56,"{""databricks-qwen3-next-80b-a3b-instruct"": 5430, ""databricks-meta-llama-3-3-70b-instruct"": 2260}",0,0.0
122,Frontier Math (AIME),0,0,0,0,UNSTABLE,15,1.3179379999999998,934.29,fallback,0.459,3.9641,False,232661,16273,216388,15510.7,75,3102.1,934.228,62.282,"{""databricks-qwen3-next-80b-a3b-instruct"": 193647, ""databricks-meta-llama-3-3-70b-instruct"": 39014}",0,0.0
123,Frontier Math (AIME),1,0,1,1,STABLE,1,0.065066,41.27,unanimous,0.133,1.8333,False,11427,11427,0,11427.0,5,2285.4,41.234,41.234,"{""databricks-qwen3-next-80b-a3b-instruct"": 9679, ""databricks-meta-llama-3-3-70b-instruct"": 1748}",0,0.0
124,Frontier Math (AIME),0,1,1,1,STABLE,11,0.496556,425.74,EL-streak,0.002,16.9341,False,90939,15046,75893,8267.2,55,1653.4,425.699,38.7,"{""databricks-qwen3-next-80b-a3b-instruct"": 66400, ""databricks-meta-llama-3-3-70b-instruct"": 24539}",0,0.0
125,Frontier Math (AIME),1,0,1,1,STABLE,14,0.826854,732.03,EL-streak,0.0,19.9945,False,152849,8029,144820,10917.8,70,2183.6,731.984,52.285,"{""databricks-qwen3-next-80b-a3b-instruct"": 107729, ""databricks-meta-llama-3-3-70b-instruct"": 45120}",0,0.0
126,Frontier Math (AIME),0,0,0,0,UNSTABLE,15,1.242292,919.09,fallback,0.4735,3.3611,False,218863,14723,204140,14590.9,75,2918.2,919.047,61.27,"{""databricks-qwen3-next-80b-a3b-instruct"": 183420, ""databricks-meta-llama-3-3-70b-instruct"": 35443}",0,0.0
127,Frontier Math (AIME),1,0,1,1,STABLE,1,0.054211999999999996,87.94,unanimous,0.121,1.8333,False,11046,11046,0,11046.0,5,2209.2,87.907,87.907,"{""databricks-qwen3-next-80b-a3b-instruct"": 5014, ""databricks-meta-llama-3-3-70b-instruct"": 6032}",0,0.0
128,Frontier Math (AIME),0,0,0,1,STABLE,6,0.285406,259.36,mSPRT,0.003,26.9247,True,51900,4908,46992,8650.0,30,1730.0,259.326,43.221,"{""databricks-qwen3-next-80b-a3b-instruct"": 38903, ""databricks-meta-llama-3-3-70b-instruct"": 12997}",0,0.0
129,Frontier Math (AIME),0,0,0,1,UNSTABLE,15,1.038626,709.72,fallback,0.0925,16.4548,False,184763,14950,169813,12317.5,75,2463.5,709.661,47.311,"{""databricks-qwen3-next-80b-a3b-instruct"": 149787, ""databricks-meta-llama-3-3-70b-instruct"": 34976}",0,0.0
130,Frontier Math (AIME),0,0,0,1,STABLE,5,0.142964,166.74,mSPRT,0.0025,20.7113,True,27630,5816,21814,5526.0,25,1105.2,166.703,33.341,"{""databricks-qwen3-next-80b-a3b-instruct"": 16222, ""databricks-meta-llama-3-3-70b-instruct"": 11408}",0,0.0
131,Frontier Math (AIME),0,1,1,1,STABLE,14,0.957534,759.05,mSPRT,0.0265,23.4728,True,173511,3235,170276,12393.6,70,2478.7,759.007,54.215,"{""databricks-qwen3-next-80b-a3b-instruct"": 131745, ""databricks-meta-llama-3-3-70b-instruct"": 41766}",0,0.0
132,Frontier Math (AIME),0,0,0,1,STABLE,15,0.6850499999999999,560.2,mSPRT,0.1095,21.4017,True,125843,15445,110398,8389.5,75,1677.9,560.151,37.343,"{""databricks-qwen3-next-80b-a3b-instruct"": 90839, ""databricks-meta-llama-3-3-70b-instruct"": 35004}",0,0.0
133,Frontier Math (AIME),0,1,1,1,STABLE,9,0.5463239999999999,400.31,EL-streak,0.001,6.7376,False,97174,6083,91091,10797.1,45,2159.4,400.264,44.474,"{""databricks-qwen3-next-80b-a3b-instruct"": 78814, ""databricks-meta-llama-3-3-70b-instruct"": 18360}",0,0.0
134,Frontier Math (AIME),1,0,1,1,STABLE,12,0.750844,604.5,EL-streak,0.009,19.7067,False,136309,12942,123367,11359.1,60,2271.8,604.451,50.371,"{""databricks-qwen3-next-80b-a3b-instruct"": 102804, ""databricks-meta-llama-3-3-70b-instruct"": 33505}",0,0.0
135,Frontier Math (AIME),0,0,0,1,STABLE,7,0.36252399999999996,293.1,mSPRT,0.007,20.7113,True,66928,10481,56447,9561.1,35,1912.2,293.048,41.864,"{""databricks-qwen3-next-80b-a3b-instruct"": 47406, ""databricks-meta-llama-3-3-70b-instruct"": 19522}",0,0.0
136,Frontier Math (AIME),0,0,0,0,UNSTABLE,15,0.9259,684.27,fallback,0.2465,3.5357,False,162164,14091,148073,10810.9,75,2162.2,684.212,45.614,"{""databricks-qwen3-next-80b-a3b-instruct"": 138622, ""databricks-meta-llama-3-3-70b-instruct"": 23542}",0,0.0
137,Frontier Math (AIME),0,0,0,0,UNSTABLE,15,0.807268,659.45,fallback,0.713,6.162,False,148734,6597,142137,9915.6,75,1983.1,659.4,43.96,"{""databricks-qwen3-next-80b-a3b-instruct"": 106166, ""databricks-meta-llama-3-3-70b-instruct"": 42568}",0,0.0
138,Frontier Math (AIME),1,0,1,1,STABLE,1,0.029476,24.18,unanimous,0.1315,1.8333,False,5588,5588,0,5588.0,5,1117.6,24.141,24.141,"{""databricks-qwen3-next-80b-a3b-instruct"": 3562, ""databricks-meta-llama-3-3-70b-instruct"": 2026}",0,0.0
139,Frontier Math (AIME),0,0,0,0,UNSTABLE,15,0.72228,606.0,fallback,0.7895,4.0906,False,128636,10196,118440,8575.7,75,1715.1,605.938,40.396,"{""databricks-qwen3-next-80b-a3b-instruct"": 103868, ""databricks-meta-llama-3-3-70b-instruct"": 24768}",0,0.0
140,Frontier Math (AIME),0,0,0,1,STABLE,6,0.147664,164.8,mSPRT,0.0005,20.7113,True,28320,1519,26801,4720.0,30,944.0,164.765,27.461,"{""databricks-qwen3-next-80b-a3b-instruct"": 17192, ""databricks-meta-llama-3-3-70b-instruct"": 11128}",0,0.0
141,Frontier Math (AIME),1,0,1,1,STABLE,1,0.054470000000000005,37.44,unanimous,0.1365,1.8333,False,9477,9477,0,9477.0,5,1895.4,37.407,37.407,"{""databricks-qwen3-next-80b-a3b-instruct"": 8281, ""databricks-meta-llama-3-3-70b-instruct"": 1196}",0,0.0
142,Frontier Math (AIME),0,1,1,1,STABLE,12,0.9648779999999999,610.57,EL-streak,0.003,11.2853,False,168954,14171,154783,14079.5,60,2815.9,610.518,50.877,"{""databricks-qwen3-next-80b-a3b-instruct"": 144531, ""databricks-meta-llama-3-3-70b-instruct"": 24423}",0,0.0
143,Frontier Math (AIME),1,0,1,1,UNSTABLE,15,0.7045079999999999,698.68,fallback,0.4955,5.541,False,131078,9834,121244,8738.5,75,1747.7,698.624,46.575,"{""databricks-qwen3-next-80b-a3b-instruct"": 90098, ""databricks-meta-llama-3-3-70b-instruct"": 40980}",0,0.0
144,Frontier Math (AIME),1,1,1,1,STABLE,1,0.028519999999999997,19.81,unanimous,0.0325,1.8333,False,5344,5344,0,5344.0,5,1068.8,19.777,19.777,"{""databricks-qwen3-next-80b-a3b-instruct"": 3572, ""databricks-meta-llama-3-3-70b-instruct"": 1772}",0,0.0
145,Frontier Math (AIME),1,0,1,1,STABLE,1,0.05674799999999999,40.32,unanimous,0.134,1.8333,False,10216,10216,0,10216.0,5,2043.2,40.29,40.29,"{""databricks-qwen3-next-80b-a3b-instruct"": 7942, ""databricks-meta-llama-3-3-70b-instruct"": 2274}",0,0.0
146,Frontier Math (AIME),0,0,0,0,UNSTABLE,15,1.117944,778.97,fallback,0.455,1.6254,False,196633,14722,181911,13108.9,75,2621.8,778.908,51.927,"{""databricks-qwen3-next-80b-a3b-instruct"": 165706, ""databricks-meta-llama-3-3-70b-instruct"": 30927}",0,0.0
147,Frontier Math (AIME),0,0,0,0,UNSTABLE,15,0.82895,870.28,fallback,0.549,6.9836,False,148001,1443,146558,9866.7,75,1973.3,870.236,58.016,"{""databricks-qwen3-next-80b-a3b-instruct"": 118473, ""databricks-meta-llama-3-3-70b-instruct"": 29528}",0,0.0
148,Frontier Math (AIME),1,0,1,1,STABLE,1,0.043047999999999996,37.87,unanimous,0.1205,1.8333,False,8111,8111,0,8111.0,5,1622.2,37.835,37.835,"{""databricks-qwen3-next-80b-a3b-instruct"": 5302, ""databricks-meta-llama-3-3-70b-instruct"": 2809}",0,0.0
149,Frontier Math (AIME),1,0,1,1,STABLE,6,0.4976519999999999,590.52,mSPRT,0.0,20.683,True,90954,16896,74058,15159.0,30,3031.8,590.479,98.413,"{""databricks-qwen3-next-80b-a3b-instruct"": 66918, ""databricks-meta-llama-3-3-70b-instruct"": 24036}",0,0.0
150,Frontier Math (AIME),0,1,0,1,STABLE,1,0.07077599999999999,43.88,unanimous,0.123,1.4813,False,12417,12417,0,12417.0,5,2483.4,43.846,43.846,"{""databricks-qwen3-next-80b-a3b-instruct"": 10554, ""databricks-meta-llama-3-3-70b-instruct"": 1863}",0,0.0
151,Frontier Math (AIME),1,0,1,1,STABLE,1,0.052067999999999996,47.62,unanimous,0.1325,1.8333,False,9601,9601,0,9601.0,5,1920.2,47.582,47.582,"{""databricks-qwen3-next-80b-a3b-instruct"": 6832, ""databricks-meta-llama-3-3-70b-instruct"": 2769}",0,0.0
152,Frontier Math (AIME),1,0,1,1,STABLE,10,0.576028,549.78,EL-streak,0.029,5.0146,False,102078,12244,89834,10207.8,50,2041.6,549.74,54.974,"{""databricks-qwen3-next-80b-a3b-instruct"": 83858, ""databricks-meta-llama-3-3-70b-instruct"": 18220}",0,0.0
153,Frontier Math (AIME),1,0,1,1,STABLE,1,0.07472799999999999,55.16,unanimous,0.128,1.8333,False,13457,13457,0,13457.0,5,2691.4,55.132,55.132,"{""databricks-qwen3-next-80b-a3b-instruct"": 10450, ""databricks-meta-llama-3-3-70b-instruct"": 3007}",0,0.0
154,Frontier Math (AIME),1,0,1,1,STABLE,1,0.041498,38.7,unanimous,0.139,1.8333,False,7848,7848,0,7848.0,5,1569.6,38.66,38.66,"{""databricks-qwen3-next-80b-a3b-instruct"": 5053, ""databricks-meta-llama-3-3-70b-instruct"": 2795}",0,0.0
155,Frontier Math (AIME),1,0,1,1,STABLE,1,0.064206,39.45,unanimous,0.1275,1.8333,False,11264,11264,0,11264.0,5,2252.8,39.421,39.421,"{""databricks-qwen3-next-80b-a3b-instruct"": 9575, ""databricks-meta-llama-3-3-70b-instruct"": 1689}",0,0.0
156,Frontier Math (AIME),0,0,0,0,STABLE,6,0.515218,450.3,mSPRT,0.0115,21.4017,True,90043,14436,75607,15007.2,30,3001.4,450.26,75.043,"{""databricks-qwen3-next-80b-a3b-instruct"": 77523, ""databricks-meta-llama-3-3-70b-instruct"": 12520}",0,0.0
157,Frontier Math (AIME),0,0,0,0,UNSTABLE,15,1.122846,869.99,fallback,0.062,7.0932,False,198742,10469,188273,13249.5,75,2649.9,869.938,57.996,"{""databricks-qwen3-next-80b-a3b-instruct"": 163939, ""databricks-meta-llama-3-3-70b-instruct"": 34803}",0,0.0
158,Frontier Math (AIME),0,0,0,0,UNSTABLE,15,0.912704,756.8,fallback,0.2175,9.4642,False,167060,15537,151523,11137.3,75,2227.5,756.747,50.45,"{""databricks-qwen3-next-80b-a3b-instruct"": 122232, ""databricks-meta-llama-3-3-70b-instruct"": 44828}",0,0.0
159,Frontier Math (AIME),1,0,1,1,STABLE,1,0.053591999999999994,41.81,unanimous,0.1275,1.8333,False,9442,9442,0,9442.0,5,1888.4,41.783,41.783,"{""databricks-qwen3-next-80b-a3b-instruct"": 7912, ""databricks-meta-llama-3-3-70b-instruct"": 1530}",0,0.0
160,Frontier Math (AIME),0,0,0,0,UNSTABLE,15,1.176636,810.16,fallback,0.6365,8.1121,False,209623,15832,193791,13974.9,75,2795.0,810.113,54.008,"{""databricks-qwen3-next-80b-a3b-instruct"": 169072, ""databricks-meta-llama-3-3-70b-instruct"": 40551}",0,0.0
161,Frontier Math (AIME),0,0,0,0,STABLE,11,0.5190199999999999,436.11,EL-streak,0.002,17.4954,False,95317,10483,84834,8665.2,55,1733.0,436.063,39.642,"{""databricks-qwen3-next-80b-a3b-instruct"": 68876, ""databricks-meta-llama-3-3-70b-instruct"": 26441}",0,0.0
162,Frontier Math (AIME),0,0,0,1,STABLE,6,0.41796,444.9,mSPRT,0.0,20.7113,True,73741,2031,71710,12290.2,30,2458.0,444.869,74.145,"{""databricks-qwen3-next-80b-a3b-instruct"": 61498, ""databricks-meta-llama-3-3-70b-instruct"": 12243}",0,0.0
163,Frontier Math (AIME),1,0,1,1,STABLE,1,0.058879999999999995,39.54,unanimous,0.133,1.8333,False,10294,10294,0,10294.0,5,2058.8,39.512,39.512,"{""databricks-qwen3-next-80b-a3b-instruct"": 8852, ""databricks-meta-llama-3-3-70b-instruct"": 1442}",0,0.0
164,Frontier Math (AIME),1,0,1,1,STABLE,9,0.5254439999999999,421.98,EL-streak+mSPRT,0.0,31.0968,True,95314,12584,82730,10590.4,45,2118.1,421.934,46.882,"{""databricks-qwen3-next-80b-a3b-instruct"": 72094, ""databricks-meta-llama-3-3-70b-instruct"": 23220}",0,0.0
165,Frontier Math (AIME),0,0,0,1,STABLE,10,0.60798,484.77,mSPRT,0.0,21.2141,True,110183,2282,107901,11018.3,50,2203.7,484.736,48.474,"{""databricks-qwen3-next-80b-a3b-instruct"": 83624, ""databricks-meta-llama-3-3-70b-instruct"": 26559}",0,0.0
166,Frontier Math (AIME),0,0,0,0,UNSTABLE,15,1.31366,1098.16,fallback,0.534,8.0106,False,232668,15098,217570,15511.2,75,3102.2,1098.112,73.207,"{""databricks-qwen3-next-80b-a3b-instruct"": 191494, ""databricks-meta-llama-3-3-70b-instruct"": 41174}",0,0.0
167,Frontier Math (AIME),1,0,1,1,STABLE,1,0.06724799999999999,59.06,unanimous,0.0765,1.8333,False,11785,11785,0,11785.0,5,2357.0,59.023,59.023,"{""databricks-qwen3-next-80b-a3b-instruct"": 10054, ""databricks-meta-llama-3-3-70b-instruct"": 1731}",0,0.0
168,Frontier Math (AIME),0,0,0,0,STABLE,1,0.084464,70.46,unanimous,0.1155,1.4813,False,14834,14834,0,14834.0,5,2966.8,70.414,70.414,"{""databricks-qwen3-next-80b-a3b-instruct"": 12564, ""databricks-meta-llama-3-3-70b-instruct"": 2270}",0,0.0
169,Frontier Math (AIME),1,0,1,1,STABLE,1,0.069354,48.2,unanimous,0.1375,1.8333,False,12360,12360,0,12360.0,5,2472.0,48.168,48.168,"{""databricks-qwen3-next-80b-a3b-instruct"": 9957, ""databricks-meta-llama-3-3-70b-instruct"": 2403}",0,0.0
170,Frontier Math (AIME),0,0,0,0,STABLE,10,0.8079,647.97,mSPRT,0.0115,24.2659,True,145600,15648,129952,14560.0,50,2912.0,647.926,64.793,"{""databricks-qwen3-next-80b-a3b-instruct"": 112750, ""databricks-meta-llama-3-3-70b-instruct"": 32850}",0,0.0
171,Frontier Math (AIME),0,0,0,1,STABLE,12,0.9155859999999999,723.89,EL-streak,0.0045,13.5542,False,168538,16191,152347,14044.8,60,2809.0,723.849,60.321,"{""databricks-qwen3-next-80b-a3b-instruct"": 120717, ""databricks-meta-llama-3-3-70b-instruct"": 47821}",0,0.0
172,Frontier Math (AIME),1,0,1,1,STABLE,1,0.027201999999999997,16.82,unanimous,0.1235,1.8333,False,5040,5040,0,5040.0,5,1008.0,16.789,16.789,"{""databricks-qwen3-next-80b-a3b-instruct"": 3521, ""databricks-meta-llama-3-3-70b-instruct"": 1519}",0,0.0
173,Frontier Math (AIME),0,0,0,0,STABLE,1,0.081352,48.32,unanimous,0.135,1.8333,False,14014,14014,0,14014.0,5,2802.8,48.286,48.286,"{""databricks-qwen3-next-80b-a3b-instruct"": 12648, ""databricks-meta-llama-3-3-70b-instruct"": 1366}",0,0.0
174,Frontier Math (AIME),0,0,0,1,STABLE,9,0.715554,444.3,mSPRT,0.0165,20.5778,True,127062,14581,112481,14118.0,45,2823.6,444.256,49.362,"{""databricks-qwen3-next-80b-a3b-instruct"": 103653, ""databricks-meta-llama-3-3-70b-instruct"": 23409}",0,0.0
175,Frontier Math (AIME),0,0,0,1,UNSTABLE,15,0.937216,807.97,fallback,0.5935,2.1849,False,167545,16613,150932,11169.7,75,2233.9,807.919,53.861,"{""databricks-qwen3-next-80b-a3b-instruct"": 133518, ""databricks-meta-llama-3-3-70b-instruct"": 34027}",0,0.0
176,Frontier Math (AIME),1,1,1,1,STABLE,1,0.064792,45.11,unanimous,0.0655,1.8333,False,11459,11459,0,11459.0,5,2291.8,45.078,45.078,"{""databricks-qwen3-next-80b-a3b-instruct"": 9478, ""databricks-meta-llama-3-3-70b-instruct"": 1981}",0,0.0
177,Frontier Math (AIME),1,0,1,1,STABLE,5,0.2875,220.22,mSPRT,0.0,20.7113,True,52772,6095,46677,10554.4,25,2110.9,220.181,44.036,"{""databricks-qwen3-next-80b-a3b-instruct"": 38206, ""databricks-meta-llama-3-3-70b-instruct"": 14566}",0,0.0
178,Frontier Math (AIME),1,0,1,1,STABLE,13,0.734834,588.55,mSPRT,0.001,21.9079,True,134649,14728,119921,10357.6,65,2071.5,588.505,45.27,"{""databricks-qwen3-next-80b-a3b-instruct"": 98119, ""databricks-meta-llama-3-3-70b-instruct"": 36530}",0,0.0
179,Frontier Math (AIME),0,0,0,0,STABLE,10,0.600192,454.52,EL-streak,0.0005,8.3043,False,108733,15546,93187,10873.3,50,2174.7,454.472,45.447,"{""databricks-qwen3-next-80b-a3b-instruct"": 82630, ""databricks-meta-llama-3-3-70b-instruct"": 26103}",0,0.0
180,Frontier Math (AIME),0,0,0,0,STABLE,9,0.420162,335.21,mSPRT,0.0145,26.9247,True,76341,1761,74580,8482.3,45,1696.5,335.161,37.24,"{""databricks-qwen3-next-80b-a3b-instruct"": 57399, ""databricks-meta-llama-3-3-70b-instruct"": 18942}",0,0.0
181,Frontier Math (AIME),0,0,0,0,UNSTABLE,15,1.06074,921.35,fallback,0.7285,1.5613,False,189000,14545,174455,12600.0,75,2520.0,921.282,61.419,"{""databricks-qwen3-next-80b-a3b-instruct"": 152370, ""databricks-meta-llama-3-3-70b-instruct"": 36630}",0,0.0
182,Frontier Math (AIME),1,0,1,1,STABLE,1,0.059669999999999994,46.24,unanimous,0.133,1.8333,False,10612,10612,0,10612.0,5,2122.4,46.209,46.209,"{""databricks-qwen3-next-80b-a3b-instruct"": 8611, ""databricks-meta-llama-3-3-70b-instruct"": 2001}",0,0.0
183,Frontier Math (AIME),1,0,1,1,STABLE,1,0.022996,20.43,unanimous,0.0645,1.8333,False,4311,4311,0,4311.0,5,862.2,20.402,20.402,"{""databricks-qwen3-next-80b-a3b-instruct"": 2876, ""databricks-meta-llama-3-3-70b-instruct"": 1435}",0,0.0
184,Frontier Math (AIME),1,0,1,1,STABLE,7,0.240014,179.49,mSPRT,0.0005,23.4408,True,45060,5758,39302,6437.1,35,1287.4,179.447,25.635,"{""databricks-qwen3-next-80b-a3b-instruct"": 29887, ""databricks-meta-llama-3-3-70b-instruct"": 15173}",0,0.0
185,Frontier Math (AIME),1,0,1,1,STABLE,1,0.039869999999999996,32.17,unanimous,0.1325,1.8333,False,7205,7205,0,7205.0,5,1441.0,32.142,32.142,"{""databricks-qwen3-next-80b-a3b-instruct"": 5525, ""databricks-meta-llama-3-3-70b-instruct"": 1680}",0,0.0
186,Frontier Math (AIME),0,0,0,0,UNSTABLE,15,1.261634,936.16,fallback,0.5265,11.2684,False,223125,15020,208105,14875.0,75,2975.0,936.107,62.407,"{""databricks-qwen3-next-80b-a3b-instruct"": 184567, ""databricks-meta-llama-3-3-70b-instruct"": 38558}",0,0.0
187,Frontier Math (AIME),1,0,1,1,STABLE,1,0.0196,17.49,unanimous,0.127,1.8333,False,3842,3842,0,3842.0,5,768.4,17.457,17.457,"{""databricks-qwen3-next-80b-a3b-instruct"": 2116, ""databricks-meta-llama-3-3-70b-instruct"": 1726}",0,0.0
188,Frontier Math (AIME),0,0,0,0,UNSTABLE,15,0.8963439999999999,760.83,fallback,0.1955,2.2724,False,162660,11943,150717,10844.0,75,2168.8,760.766,50.718,"{""databricks-qwen3-next-80b-a3b-instruct"": 122852, ""databricks-meta-llama-3-3-70b-instruct"": 39808}",0,0.0
189,Frontier Math (AIME),0,0,0,0,UNSTABLE,15,1.563282,1703.89,fallback,1.0,1.0,False,296169,18946,277223,19744.6,75,3948.9,1703.856,113.59,"{""databricks-qwen3-next-80b-a3b-instruct"": 189303, ""databricks-meta-llama-3-3-70b-instruct"": 106866}",0,0.0
190,Frontier Math (AIME),1,0,1,1,STABLE,1,0.048392,33.4,unanimous,0.07,1.8333,False,8748,8748,0,8748.0,5,1749.6,33.366,33.366,"{""databricks-qwen3-next-80b-a3b-instruct"": 6700, ""databricks-meta-llama-3-3-70b-instruct"": 2048}",0,0.0
191,Frontier Math (AIME),1,0,1,1,STABLE,6,0.44655,319.18,mSPRT,0.0005,20.683,True,79852,10786,69066,13308.7,30,2661.7,319.139,53.19,"{""databricks-qwen3-next-80b-a3b-instruct"": 63571, ""databricks-meta-llama-3-3-70b-instruct"": 16281}",0,0.0
192,Frontier Math (AIME),0,1,0,1,STABLE,10,0.8563459999999999,541.91,EL-streak,0.003,2.709,False,150631,14231,136400,15063.1,50,3012.6,541.853,54.185,"{""databricks-qwen3-next-80b-a3b-instruct"": 126911, ""databricks-meta-llama-3-3-70b-instruct"": 23720}",0,0.0
193,Frontier Math (AIME),0,0,0,1,UNSTABLE,15,0.573162,574.1,fallback,0.4005,6.162,False,106607,15260,91347,7107.1,75,1421.4,574.056,38.27,"{""databricks-qwen3-next-80b-a3b-instruct"": 73367, ""databricks-meta-llama-3-3-70b-instruct"": 33240}",0,0.0
194,Frontier Math (AIME),0,0,0,1,UNSTABLE,15,1.258874,933.56,fallback,0.629,1.625,False,224992,3241,221751,14999.5,75,2999.9,933.5,62.233,"{""databricks-qwen3-next-80b-a3b-instruct"": 179453, ""databricks-meta-llama-3-3-70b-instruct"": 45539}",0,0.0
195,Frontier Math (AIME),0,0,0,0,UNSTABLE,15,0.703306,567.62,fallback,0.8875,1.8333,False,129877,16167,113710,8658.5,75,1731.7,567.575,37.838,"{""databricks-qwen3-next-80b-a3b-instruct"": 91899, ""databricks-meta-llama-3-3-70b-instruct"": 37978}",0,0.0
196,Frontier Math (AIME),0,0,0,1,STABLE,10,0.710846,490.74,EL-streak,0.001,6.3538,False,125390,1610,123780,12539.0,50,2507.8,490.698,49.07,"{""databricks-qwen3-next-80b-a3b-instruct"": 104643, ""databricks-meta-llama-3-3-70b-instruct"": 20747}",0,0.0
197,Frontier Math (AIME),0,0,0,1,STABLE,9,0.26156999999999997,264.05,EL-streak,0.0,15.8545,False,51945,5118,46827,5771.7,45,1154.3,263.996,29.333,"{""databricks-qwen3-next-80b-a3b-instruct"": 26895, ""databricks-meta-llama-3-3-70b-instruct"": 25050}",0,0.0
198,Frontier Math (AIME),1,0,1,1,STABLE,6,0.367872,244.88,mSPRT,0.0,29.1684,True,66612,10219,56393,11102.0,30,2220.4,244.841,40.807,"{""databricks-qwen3-next-80b-a3b-instruct"": 50712, ""databricks-meta-llama-3-3-70b-instruct"": 15900}",0,0.0
199,Frontier Math (AIME),0,0,0,0,STABLE,7,0.225292,155.47,mSPRT,0.0,29.1286,True,41558,3764,37794,5936.9,35,1187.4,155.429,22.204,"{""databricks-qwen3-next-80b-a3b-instruct"": 29530, ""databricks-meta-llama-3-3-70b-instruct"": 12028}",0,0.0
200,Frontier Math (AIME),0,0,0,1,STABLE,10,0.7784719999999999,482.2,EL-streak,0.0,13.4622,False,137472,10367,127105,13747.2,50,2749.4,482.157,48.216,"{""databricks-qwen3-next-80b-a3b-instruct"": 114292, ""databricks-meta-llama-3-3-70b-instruct"": 23180}",0,0.0
201,Frontier Math (AIME),0,0,0,1,STABLE,5,0.081884,85.67,mSPRT,0.0015,20.7113,True,16351,2200,14151,3270.2,25,654.0,85.632,17.126,"{""databricks-qwen3-next-80b-a3b-instruct"": 8240, ""databricks-meta-llama-3-3-70b-instruct"": 8111}",0,0.0
202,Frontier Math (AIME),1,0,1,1,STABLE,10,0.167894,205.36,mSPRT,0.001,26.9247,True,34425,4538,29887,3442.5,50,688.5,205.322,20.532,"{""databricks-qwen3-next-80b-a3b-instruct"": 15097, ""databricks-meta-llama-3-3-70b-instruct"": 19328}",0,0.0
203,Frontier Math (AIME),1,0,1,1,STABLE,9,0.69896,467.77,mSPRT,0.0095,30.7689,True,124105,14450,109655,13789.4,45,2757.9,467.728,51.97,"{""databricks-qwen3-next-80b-a3b-instruct"": 101270, ""databricks-meta-llama-3-3-70b-instruct"": 22835}",0,0.0
204,Frontier Math (AIME),0,0,0,1,UNSTABLE,15,0.9107179999999999,740.04,fallback,0.5035,4.4818,False,168353,9654,158699,11223.5,75,2244.7,739.991,49.333,"{""databricks-qwen3-next-80b-a3b-instruct"": 118653, ""databricks-meta-llama-3-3-70b-instruct"": 49700}",0,0.0
205,Frontier Math (AIME),0,0,0,0,UNSTABLE,15,1.0604959999999999,722.74,fallback,0.5415,8.7795,False,188909,15578,173331,12593.9,75,2518.8,722.685,48.179,"{""databricks-qwen3-next-80b-a3b-instruct"": 152430, ""databricks-meta-llama-3-3-70b-instruct"": 36479}",0,0.0
206,Frontier Math (AIME),0,0,0,0,UNSTABLE,15,0.4934,351.31,fallback,0.7125,2.0778,False,101373,3617,97756,6758.2,75,1351.6,351.268,23.418,"{""databricks-qwen3-next-80b-a3b-instruct"": 43954, ""databricks-meta-llama-3-3-70b-instruct"": 57419}",0,0.0
207,Frontier Math (AIME),1,0,1,1,STABLE,1,0.034386,27.06,unanimous,0.1285,1.8333,False,6405,6405,0,6405.0,5,1281.0,27.031,27.031,"{""databricks-qwen3-next-80b-a3b-instruct"": 4383, ""databricks-meta-llama-3-3-70b-instruct"": 2022}",0,0.0
208,Frontier Math (AIME),1,1,1,1,STABLE,1,0.05176399999999999,68.13,unanimous,0.0665,1.8333,False,10303,10303,0,10303.0,5,2060.6,68.096,68.096,"{""databricks-qwen3-next-80b-a3b-instruct"": 5276, ""databricks-meta-llama-3-3-70b-instruct"": 5027}",0,0.0
209,Frontier Math (AIME),0,0,0,0,UNSTABLE,15,1.33061,892.01,fallback,0.7105,1.8333,False,235420,17210,218210,15694.7,75,3138.9,891.965,59.464,"{""databricks-qwen3-next-80b-a3b-instruct"": 194465, ""databricks-meta-llama-3-3-70b-instruct"": 40955}",0,0.0
210,Frontier Math (AIME),0,0,0,1,STABLE,8,0.398364,295.1,mSPRT,0.0005,22.5782,True,70372,9519,60853,8796.5,40,1759.3,295.058,36.882,"{""databricks-qwen3-next-80b-a3b-instruct"": 58438, ""databricks-meta-llama-3-3-70b-instruct"": 11934}",0,0.0
211,Frontier Math (AIME),0,0,0,1,STABLE,8,0.16355999999999998,241.24,mSPRT,0.009,20.7113,True,34380,3180,31200,4297.5,40,859.5,241.201,30.15,"{""databricks-qwen3-next-80b-a3b-instruct"": 13020, ""databricks-meta-llama-3-3-70b-instruct"": 21360}",0,0.0
212,Frontier Math (AIME),0,0,0,1,STABLE,8,0.37423199999999995,304.46,mSPRT,0.0,31.703,True,69793,2294,67499,8724.1,40,1744.8,304.423,38.053,"{""databricks-qwen3-next-80b-a3b-instruct"": 47530, ""databricks-meta-llama-3-3-70b-instruct"": 22263}",0,0.0
213,Frontier Math (AIME),1,0,1,1,STABLE,6,0.287528,190.54,mSPRT,0.0,20.683,True,52087,7415,44672,8681.2,30,1736.2,190.499,31.75,"{""databricks-qwen3-next-80b-a3b-instruct"": 39590, ""databricks-meta-llama-3-3-70b-instruct"": 12497}",0,0.0
214,Frontier Math (AIME),1,0,1,1,STABLE,5,0.310894,201.7,mSPRT,0.0,20.7113,True,54938,9744,45194,10987.6,25,2197.5,201.666,40.333,"{""databricks-qwen3-next-80b-a3b-instruct"": 45571, ""databricks-meta-llama-3-3-70b-instruct"": 9367}",0,0.0
215,Frontier Math (AIME),1,0,1,1,STABLE,15,0.981626,784.65,EL-streak,0.0435,10.8899,False,176062,13516,162546,11737.5,75,2347.5,784.596,52.306,"{""databricks-qwen3-next-80b-a3b-instruct"": 138689, ""databricks-meta-llama-3-3-70b-instruct"": 37373}",0,0.0
216,Frontier Math (AIME),1,0,1,1,STABLE,10,0.59522,601.62,mSPRT,0.0,29.7217,True,114681,5498,109183,11468.1,50,2293.6,601.576,60.158,"{""databricks-qwen3-next-80b-a3b-instruct"": 68248, ""databricks-meta-llama-3-3-70b-instruct"": 46433}",0,0.0
217,Frontier Math (AIME),0,0,0,1,UNSTABLE,15,1.1904839999999999,804.5,fallback,0.4805,13.3853,False,209622,15300,194322,13974.8,75,2795.0,804.449,53.63,"{""databricks-qwen3-next-80b-a3b-instruct"": 175998, ""databricks-meta-llama-3-3-70b-instruct"": 33624}",0,0.0
218,Frontier Math (AIME),0,0,0,0,UNSTABLE,15,1.168246,733.13,fallback,0.724,9.5586,False,211135,12207,198928,14075.7,75,2815.1,733.078,48.872,"{""databricks-qwen3-next-80b-a3b-instruct"": 161853, ""databricks-meta-llama-3-3-70b-instruct"": 49282}",0,0.0
219,Frontier Math (AIME),0,0,0,1,STABLE,6,0.248796,206.91,mSPRT,0.0005,23.4728,True,45822,4080,41742,7637.0,30,1527.4,206.862,34.477,"{""databricks-qwen3-next-80b-a3b-instruct"": 32754, ""databricks-meta-llama-3-3-70b-instruct"": 13068}",0,0.0
220,Frontier Math (AIME),0,0,0,1,STABLE,11,0.7478659999999999,526.43,EL-streak,0.0,5.7849,False,134032,6765,127267,12184.7,55,2436.9,526.363,47.851,"{""databricks-qwen3-next-80b-a3b-instruct"": 105869, ""databricks-meta-llama-3-3-70b-instruct"": 28163}",0,0.0
221,Frontier Math (AIME),0,0,0,0,STABLE,8,0.559844,394.83,mSPRT,0.0015,24.5227,True,99151,14527,84624,12393.9,40,2478.8,394.787,49.348,"{""databricks-qwen3-next-80b-a3b-instruct"": 81620, ""databricks-meta-llama-3-3-70b-instruct"": 17531}",0,0.0
222,Frontier Math (AIME),0,0,0,0,UNSTABLE,15,0.6704019999999999,623.34,fallback,0.7395,8.0947,False,127580,2962,124618,8505.3,75,1701.1,623.29,41.553,"{""databricks-qwen3-next-80b-a3b-instruct"": 80041, ""databricks-meta-llama-3-3-70b-instruct"": 47539}",0,0.0
223,Frontier Math (AIME),1,0,1,1,STABLE,8,0.596258,470.7,mSPRT,0.0,28.7228,True,108463,10938,97525,13557.9,40,2711.6,470.647,58.831,"{""databricks-qwen3-next-80b-a3b-instruct"": 81203, ""databricks-meta-llama-3-3-70b-instruct"": 27260}",0,0.0
224,Frontier Math (AIME),0,0,0,0,UNSTABLE,15,1.053898,663.25,fallback,0.51,1.4052,False,184427,14546,169881,12295.1,75,2459.0,663.194,44.213,"{""databricks-qwen3-next-80b-a3b-instruct"": 158095, ""databricks-meta-llama-3-3-70b-instruct"": 26332}",0,0.0
225,Frontier Math (AIME),0,0,0,0,UNSTABLE,15,0.33888999999999997,376.64,fallback,0.512,4.952,False,68461,6859,61602,4564.1,75,912.8,376.588,25.106,"{""databricks-qwen3-next-80b-a3b-instruct"": 32523, ""databricks-meta-llama-3-3-70b-instruct"": 35938}",0,0.0
226,Frontier Math (AIME),0,0,0,0,STABLE,12,0.922866,582.51,mSPRT,0.186,23.4728,True,163476,2327,161149,13623.0,60,2724.6,582.458,48.538,"{""databricks-qwen3-next-80b-a3b-instruct"": 134481, ""databricks-meta-llama-3-3-70b-instruct"": 28995}",0,0.0
227,Frontier Math (AIME),0,0,0,1,UNSTABLE,15,0.475718,473.57,fallback,0.3045,6.162,False,92058,10831,81227,6137.2,75,1227.4,473.524,31.568,"{""databricks-qwen3-next-80b-a3b-instruct"": 53743, ""databricks-meta-llama-3-3-70b-instruct"": 38315}",0,0.0
228,Frontier Math (AIME),0,0,0,1,STABLE,8,0.35218,312.46,mSPRT,0.0,28.762,True,67239,2764,64475,8404.9,40,1681.0,312.418,39.052,"{""databricks-qwen3-next-80b-a3b-instruct"": 41612, ""databricks-meta-llama-3-3-70b-instruct"": 25627}",0,0.0
229,Frontier Math (AIME),0,0,0,0,UNSTABLE,15,1.246626,836.05,fallback,0.541,1.8708,False,220531,15507,205024,14702.1,75,2940.4,835.977,55.732,"{""databricks-qwen3-next-80b-a3b-instruct"": 182251, ""databricks-meta-llama-3-3-70b-instruct"": 38280}",0,0.0
230,Frontier Math (AIME),0,0,0,1,STABLE,10,0.199092,266.38,mSPRT,0.0125,20.7113,True,39210,1414,37796,3921.0,50,784.2,266.343,26.634,"{""databricks-qwen3-next-80b-a3b-instruct"": 21126, ""databricks-meta-llama-3-3-70b-instruct"": 18084}",0,0.0
231,Frontier Math (AIME),0,0,0,0,STABLE,14,1.1425100000000001,656.61,mSPRT,0.093,30.2858,True,202490,15862,186628,14463.6,70,2892.7,656.559,46.897,"{""databricks-qwen3-next-80b-a3b-instruct"": 166275, ""databricks-meta-llama-3-3-70b-instruct"": 36215}",0,0.0
232,Frontier Math (AIME),0,0,0,1,STABLE,6,0.147698,147.17,mSPRT,0.0195,20.7113,True,29105,3927,25178,4850.8,30,970.2,147.139,24.523,"{""databricks-qwen3-next-80b-a3b-instruct"": 15639, ""databricks-meta-llama-3-3-70b-instruct"": 13466}",0,0.0
233,Frontier Math (AIME),0,1,1,1,STABLE,6,0.08524,167.37,mSPRT,0.002,26.9247,True,19152,2778,16374,3192.0,30,638.4,167.334,27.889,"{""databricks-qwen3-next-80b-a3b-instruct"": 4316, ""databricks-meta-llama-3-3-70b-instruct"": 14836}",0,0.0
234,Frontier Math (AIME),0,0,0,0,UNSTABLE,15,1.2886199999999999,947.26,fallback,0.095,19.8872,False,231963,3585,228378,15464.2,75,3092.8,947.21,63.147,"{""databricks-qwen3-next-80b-a3b-instruct"": 180384, ""databricks-meta-llama-3-3-70b-instruct"": 51579}",0,0.0
235,Frontier Math (AIME),1,0,1,1,STABLE,1,0.058825999999999996,43.0,unanimous,0.125,1.8333,False,10563,10563,0,10563.0,5,2112.6,42.964,42.964,"{""databricks-qwen3-next-80b-a3b-instruct"": 8287, ""databricks-meta-llama-3-3-70b-instruct"": 2276}",0,0.0
236,Frontier Math (AIME),1,0,1,1,STABLE,6,0.374318,287.28,mSPRT,0.0,26.9247,True,68080,12091,55989,11346.7,30,2269.3,287.246,47.874,"{""databricks-qwen3-next-80b-a3b-instruct"": 50999, ""databricks-meta-llama-3-3-70b-instruct"": 17081}",0,0.0
237,Frontier Math (AIME),0,1,1,1,STABLE,1,0.026808,25.04,unanimous,0.068,1.8333,False,5143,5143,0,5143.0,5,1028.6,25.013,25.013,"{""databricks-qwen3-next-80b-a3b-instruct"": 3118, ""databricks-meta-llama-3-3-70b-instruct"": 2025}",0,0.0
238,Frontier Math (AIME),0,0,0,1,STABLE,13,0.8607859999999999,675.65,EL-streak,0.0045,16.5827,False,156884,10518,146366,12068.0,65,2413.6,675.603,51.969,"{""databricks-qwen3-next-80b-a3b-instruct"": 116625, ""databricks-meta-llama-3-3-70b-instruct"": 40259}",0,0.0
239,Frontier Math (AIME),0,0,0,0,UNSTABLE,15,1.02004,690.19,fallback,0.8485,4.2405,False,182934,15741,167193,12195.6,75,2439.1,690.136,46.009,"{""databricks-qwen3-next-80b-a3b-instruct"": 144152, ""databricks-meta-llama-3-3-70b-instruct"": 38782}",0,0.0
240,Frontier Math (AIME),0,0,0,1,STABLE,6,0.080678,123.14,mSPRT,0.0055,20.7113,True,17265,3941,13324,2877.5,30,575.5,123.103,20.517,"{""databricks-qwen3-next-80b-a3b-instruct"": 5809, ""databricks-meta-llama-3-3-70b-instruct"": 11456}",0,0.0
241,Frontier Math (AIME),0,0,0,1,STABLE,8,0.601744,397.01,mSPRT,0.01,26.9247,True,105998,2189,103809,13249.8,40,2649.9,396.975,49.622,"{""databricks-qwen3-next-80b-a3b-instruct"": 88876, ""databricks-meta-llama-3-3-70b-instruct"": 17122}",0,0.0
242,Frontier Math (AIME),0,0,0,1,STABLE,6,0.355332,237.31,mSPRT,0.0005,20.7113,True,62420,14364,48056,10403.3,30,2080.7,237.278,39.546,"{""databricks-qwen3-next-80b-a3b-instruct"": 52826, ""databricks-meta-llama-3-3-70b-instruct"": 9594}",0,0.0
243,Frontier Math (AIME),0,0,0,1,STABLE,5,0.09298,133.78,mSPRT,0.0005,20.7113,True,19675,2153,17522,3935.0,25,787.0,133.744,26.749,"{""databricks-qwen3-next-80b-a3b-instruct"": 7140, ""databricks-meta-llama-3-3-70b-instruct"": 12535}",0,0.0
244,Frontier Math (AIME),0,0,0,1,STABLE,13,0.7341679999999999,577.8,mSPRT,0.055,20.6465,True,131011,1565,129446,10077.8,65,2015.6,577.761,44.443,"{""databricks-qwen3-next-80b-a3b-instruct"": 105062, ""databricks-meta-llama-3-3-70b-instruct"": 25949}",0,0.0
245,Frontier Math (AIME),1,0,1,1,STABLE,1,0.03811,33.67,unanimous,0.1335,1.8333,False,7056,7056,0,7056.0,5,1411.2,33.638,33.638,"{""databricks-qwen3-next-80b-a3b-instruct"": 4943, ""databricks-meta-llama-3-3-70b-instruct"": 2113}",0,0.0
246,Frontier Math (AIME),1,0,1,1,STABLE,1,0.055173999999999994,55.53,unanimous,0.118,1.8333,False,11050,11050,0,11050.0,5,2210.0,55.495,55.495,"{""databricks-qwen3-next-80b-a3b-instruct"": 5487, ""databricks-meta-llama-3-3-70b-instruct"": 5563}",0,0.0
247,Frontier Math (AIME),1,0,1,1,STABLE,6,0.230048,214.77,mSPRT,0.0,29.1684,True,44064,10039,34025,7344.0,30,1468.8,214.731,35.788,"{""databricks-qwen3-next-80b-a3b-instruct"": 26896, ""databricks-meta-llama-3-3-70b-instruct"": 17168}",0,0.0
248,Frontier Math (AIME),0,0,0,1,STABLE,14,1.10093,756.79,mSPRT,0.242,37.5222,True,196104,11004,185100,14007.4,70,2801.5,756.734,54.052,"{""databricks-qwen3-next-80b-a3b-instruct"": 158257, ""databricks-meta-llama-3-3-70b-instruct"": 37847}",0,0.0
249,Frontier Math (AIME),0,0,0,0,UNSTABLE,15,0.478558,484.51,fallback,0.5875,6.0121,False,89571,9881,79690,5971.4,75,1194.3,484.459,32.297,"{""databricks-qwen3-next-80b-a3b-instruct"": 60137, ""databricks-meta-llama-3-3-70b-instruct"": 29434}",0,0.0
250,Frontier Math (AIME),0,0,0,0,UNSTABLE,15,1.101244,763.3,fallback,0.4235,9.4859,False,195178,15525,179653,13011.9,75,2602.4,763.253,50.884,"{""databricks-qwen3-next-80b-a3b-instruct"": 160266, ""databricks-meta-llama-3-3-70b-instruct"": 34912}",0,0.0
251,Frontier Math (AIME),1,0,1,1,STABLE,7,0.155326,199.68,mSPRT,0.0155,20.7113,True,32640,4209,28431,4662.9,35,932.6,199.633,28.519,"{""databricks-qwen3-next-80b-a3b-instruct"": 12383, ""databricks-meta-llama-3-3-70b-instruct"": 20257}",0,0.0
252,Frontier Math (AIME),0,0,0,1,STABLE,7,0.137908,109.94,mSPRT,0.0,20.7113,True,26787,1435,25352,3826.7,35,765.3,109.889,15.698,"{""databricks-qwen3-next-80b-a3b-instruct"": 15380, ""databricks-meta-llama-3-3-70b-instruct"": 11407}",0,0.0
253,Frontier Math (AIME),1,0,1,1,STABLE,1,0.059338,34.34,unanimous,0.129,1.8333,False,10674,10674,0,10674.0,5,2134.8,34.307,34.307,"{""databricks-qwen3-next-80b-a3b-instruct"": 8321, ""databricks-meta-llama-3-3-70b-instruct"": 2353}",0,0.0
254,Frontier Math (AIME),1,0,1,1,STABLE,1,0.042684,26.21,unanimous,0.114,1.8333,False,7768,7768,0,7768.0,5,1553.6,26.169,26.169,"{""databricks-qwen3-next-80b-a3b-instruct"": 5806, ""databricks-meta-llama-3-3-70b-instruct"": 1962}",0,0.0
255,Frontier Math (AIME),0,0,0,0,STABLE,9,0.7739199999999999,486.24,mSPRT,0.015,34.5833,True,136062,15045,121017,15118.0,45,3023.6,486.194,54.022,"{""databricks-qwen3-next-80b-a3b-instruct"": 114836, ""databricks-meta-llama-3-3-70b-instruct"": 21226}",0,0.0
256,Frontier Math (AIME),1,0,1,1,STABLE,5,0.24559999999999998,160.91,mSPRT,0.0005,20.7113,True,45363,8974,36389,9072.6,25,1814.5,160.87,32.174,"{""databricks-qwen3-next-80b-a3b-instruct"": 32074, ""databricks-meta-llama-3-3-70b-instruct"": 13289}",0,0.0
257,Frontier Math (AIME),0,1,1,1,STABLE,9,0.23661,258.64,mSPRT,0.0045,23.4728,True,45921,11350,34571,5102.3,45,1020.5,258.598,28.733,"{""databricks-qwen3-next-80b-a3b-instruct"": 26463, ""databricks-meta-llama-3-3-70b-instruct"": 19458}",0,0.0
258,Frontier Math (AIME),0,0,0,1,STABLE,14,0.9442019999999999,628.91,EL-streak,0.0075,7.1203,False,169007,8072,160935,12071.9,70,2414.4,628.851,44.918,"{""databricks-qwen3-next-80b-a3b-instruct"": 134087, ""databricks-meta-llama-3-3-70b-instruct"": 34920}",0,0.0
259,Frontier Math (AIME),0,0,0,1,STABLE,6,0.24131999999999998,528.62,mSPRT,0.0,25.3782,True,43333,4056,39277,7222.2,30,1444.4,528.588,88.098,"{""databricks-qwen3-next-80b-a3b-instruct"": 33994, ""databricks-meta-llama-3-3-70b-instruct"": 9339}",0,0.0
260,Frontier Math (AIME),0,0,0,0,STABLE,14,1.186276,901.67,EL-streak,0.1535,2.1841,False,207424,14582,192842,14816.0,70,2963.2,901.621,64.401,"{""databricks-qwen3-next-80b-a3b-instruct"": 178290, ""databricks-meta-llama-3-3-70b-instruct"": 29134}",0,0.0
261,Frontier Math (AIME),1,0,1,0,UNSTABLE,15,0.846946,719.64,fallback,0.4115,10.9865,False,153013,5604,147409,10200.9,75,2040.2,719.589,47.973,"{""databricks-qwen3-next-80b-a3b-instruct"": 117447, ""databricks-meta-llama-3-3-70b-instruct"": 35566}",0,0.0
262,Frontier Math (AIME),0,1,1,1,STABLE,10,0.8268139999999999,642.41,EL-streak,0.001,15.6886,False,146255,14955,131300,14625.5,50,2925.1,642.371,64.237,"{""databricks-qwen3-next-80b-a3b-instruct"": 120897, ""databricks-meta-llama-3-3-70b-instruct"": 25358}",0,0.0
263,Frontier Math (AIME),1,0,1,1,STABLE,5,0.17757799999999999,214.04,mSPRT,0.0015,20.7113,True,36336,4390,31946,7267.2,25,1453.4,214.007,42.801,"{""databricks-qwen3-next-80b-a3b-instruct"": 16117, ""databricks-meta-llama-3-3-70b-instruct"": 20219}",0,0.0
264,Frontier Math (AIME),1,0,1,1,STABLE,1,0.04455,54.39,unanimous,0.126,1.8333,False,9024,9024,0,9024.0,5,1804.8,54.345,54.345,"{""databricks-qwen3-next-80b-a3b-instruct"": 4227, ""databricks-meta-llama-3-3-70b-instruct"": 4797}",0,0.0
265,Frontier Math (AIME),1,0,1,1,STABLE,1,0.03904,30.42,unanimous,0.144,1.8333,False,7390,7390,0,7390.0,5,1478.0,30.389,30.389,"{""databricks-qwen3-next-80b-a3b-instruct"": 4740, ""databricks-meta-llama-3-3-70b-instruct"": 2650}",0,0.0
266,Frontier Math (AIME),0,0,0,1,UNSTABLE,15,1.406874,1067.29,fallback,0.6605,3.2187,False,251675,15527,236148,16778.3,75,3355.7,1067.229,71.149,"{""databricks-qwen3-next-80b-a3b-instruct"": 200087, ""databricks-meta-llama-3-3-70b-instruct"": 51588}",0,0.0
267,Frontier Math (AIME),1,0,1,0,STABLE,15,1.224218,890.6,mSPRT,0.0,27.4532,True,214967,14102,200865,14331.1,75,2866.2,890.543,59.37,"{""databricks-qwen3-next-80b-a3b-instruct"": 182175, ""databricks-meta-llama-3-3-70b-instruct"": 32792}",0,0.0
268,Frontier Math (AIME),0,0,0,0,STABLE,12,0.661982,591.74,mSPRT,0.0065,24.3999,True,119205,14726,104479,9933.8,60,1986.8,591.694,49.308,"{""databricks-qwen3-next-80b-a3b-instruct"": 92581, ""databricks-meta-llama-3-3-70b-instruct"": 26624}",0,0.0
269,Frontier Math (AIME),1,0,1,1,STABLE,1,0.071172,51.54,unanimous,0.1215,1.8333,False,12391,12391,0,12391.0,5,2478.2,51.508,51.508,"{""databricks-qwen3-next-80b-a3b-instruct"": 10804, ""databricks-meta-llama-3-3-70b-instruct"": 1587}",0,0.0
270,Frontier Math (AIME),0,0,0,1,STABLE,8,0.6208940000000001,433.93,mSPRT,0.017,20.7113,True,109660,14871,94789,13707.5,40,2741.5,433.894,54.237,"{""databricks-qwen3-next-80b-a3b-instruct"": 91127, ""databricks-meta-llama-3-3-70b-instruct"": 18533}",0,0.0
271,Frontier Math (AIME),1,0,1,1,STABLE,10,0.12462199999999998,180.75,mSPRT,0.0155,20.7113,True,26821,3311,23510,2682.1,50,536.4,180.712,18.071,"{""databricks-qwen3-next-80b-a3b-instruct"": 8669, ""databricks-meta-llama-3-3-70b-instruct"": 18152}",0,0.0
272,Frontier Math (AIME),0,0,0,1,STABLE,7,0.35579599999999995,284.26,mSPRT,0.0005,23.4728,True,64848,2013,62835,9264.0,35,1852.8,284.222,40.603,"{""databricks-qwen3-next-80b-a3b-instruct"": 48202, ""databricks-meta-llama-3-3-70b-instruct"": 16646}",0,0.0
273,Frontier Math (AIME),0,0,0,1,STABLE,7,0.4323,313.06,mSPRT,0.0,21.6377,True,77412,10252,67160,11058.9,35,2211.8,313.004,44.715,"{""databricks-qwen3-next-80b-a3b-instruct"": 61326, ""databricks-meta-llama-3-3-70b-instruct"": 16086}",0,0.0
274,Frontier Math (AIME),0,0,0,0,UNSTABLE,15,1.1151399999999998,835.23,fallback,0.114,6.3434,False,202319,15914,186405,13487.9,75,2697.6,835.178,55.679,"{""databricks-qwen3-next-80b-a3b-instruct"": 152932, ""databricks-meta-llama-3-3-70b-instruct"": 49387}",0,0.0
275,Frontier Math (AIME),0,0,0,1,STABLE,5,0.173704,139.41,mSPRT,0.0005,20.7113,True,32406,4343,28063,6481.2,25,1296.2,139.379,27.876,"{""databricks-qwen3-next-80b-a3b-instruct"": 22040, ""databricks-meta-llama-3-3-70b-instruct"": 10366}",0,0.0
276,Frontier Math (AIME),0,0,0,1,STABLE,15,0.8791559999999999,1151.23,mSPRT,0.1125,23.8521,True,154145,9227,144918,10276.3,75,2055.3,1151.189,76.746,"{""databricks-qwen3-next-80b-a3b-instruct"": 131288, ""databricks-meta-llama-3-3-70b-instruct"": 22857}",0,0.0
277,Frontier Math (AIME),0,0,0,1,STABLE,7,0.5068360000000001,390.84,mSPRT,0.0,22.0343,True,89525,12975,76550,12789.3,35,2557.9,390.801,55.829,"{""databricks-qwen3-next-80b-a3b-instruct"": 74368, ""databricks-meta-llama-3-3-70b-instruct"": 15157}",0,0.0
278,Frontier Math (AIME),0,0,0,1,STABLE,12,1.082942,963.82,mSPRT,0.098,29.3202,True,193981,16493,177488,16165.1,60,3233.0,963.772,80.314,"{""databricks-qwen3-next-80b-a3b-instruct"": 153509, ""databricks-meta-llama-3-3-70b-instruct"": 40472}",0,0.0
279,Frontier Math (AIME),1,0,1,1,STABLE,5,0.39606199999999997,256.03,mSPRT,0.0,20.7113,True,69543,12669,56874,13908.6,25,2781.7,255.997,51.199,"{""databricks-qwen3-next-80b-a3b-instruct"": 58945, ""databricks-meta-llama-3-3-70b-instruct"": 10598}",0,0.0
280,Frontier Math (AIME),1,0,1,1,STABLE,1,0.023932,16.2,unanimous,0.1235,1.8333,False,4455,4455,0,4455.0,5,891.0,16.173,16.173,"{""databricks-qwen3-next-80b-a3b-instruct"": 3056, ""databricks-meta-llama-3-3-70b-instruct"": 1399}",0,0.0
281,Frontier Math (AIME),1,0,1,1,STABLE,1,0.069286,48.23,unanimous,0.1345,1.8333,False,12097,12097,0,12097.0,5,2419.4,48.2,48.2,"{""databricks-qwen3-next-80b-a3b-instruct"": 10449, ""databricks-meta-llama-3-3-70b-instruct"": 1648}",0,0.0
282,Frontier Math (AIME),0,0,0,0,UNSTABLE,15,0.958314,827.2,fallback,0.384,12.8805,False,170792,14109,156683,11386.1,75,2277.2,827.142,55.143,"{""databricks-qwen3-next-80b-a3b-instruct"": 137573, ""databricks-meta-llama-3-3-70b-instruct"": 33219}",0,0.0
283,Frontier Math (AIME),1,0,1,1,STABLE,1,0.022232,62.88,unanimous,0.1235,1.8333,False,4250,4250,0,4250.0,5,850.0,62.845,62.845,"{""databricks-qwen3-next-80b-a3b-instruct"": 2616, ""databricks-meta-llama-3-3-70b-instruct"": 1634}",0,0.0
284,Frontier Math (AIME),1,0,1,1,STABLE,1,0.036618,37.65,unanimous,0.1285,1.8333,False,6784,6784,0,6784.0,5,1356.8,37.619,37.619,"{""databricks-qwen3-next-80b-a3b-instruct"": 4741, ""databricks-meta-llama-3-3-70b-instruct"": 2043}",0,0.0
285,Frontier Math (AIME),1,0,1,1,STABLE,1,0.06763799999999999,42.35,unanimous,0.1285,1.8333,False,11786,11786,0,11786.0,5,2357.2,42.321,42.321,"{""databricks-qwen3-next-80b-a3b-instruct"": 10247, ""databricks-meta-llama-3-3-70b-instruct"": 1539}",0,0.0
286,Frontier Math (AIME),1,0,1,0,UNSTABLE,15,1.103402,884.21,fallback,0.383,14.6716,False,197236,16281,180955,13149.1,75,2629.8,884.158,58.944,"{""databricks-qwen3-next-80b-a3b-instruct"": 157229, ""databricks-meta-llama-3-3-70b-instruct"": 40007}",0,0.0
287,Frontier Math (AIME),0,0,0,1,STABLE,6,0.31067999999999996,255.57,mSPRT,0.0,26.9247,True,55413,11597,43816,9235.5,30,1847.1,255.533,42.589,"{""databricks-qwen3-next-80b-a3b-instruct"": 44514, ""databricks-meta-llama-3-3-70b-instruct"": 10899}",0,0.0
288,Frontier Math (AIME),0,0,0,0,UNSTABLE,15,1.2119259999999998,857.97,fallback,0.375,4.2821,False,215334,14492,200842,14355.6,75,2871.1,857.914,57.194,"{""databricks-qwen3-next-80b-a3b-instruct"": 175295, ""databricks-meta-llama-3-3-70b-instruct"": 40039}",0,0.0
289,Frontier Math (AIME),0,0,0,0,STABLE,8,0.188404,213.37,mSPRT,0.001,34.5833,True,36371,10009,26362,4546.4,40,909.3,213.321,26.665,"{""databricks-qwen3-next-80b-a3b-instruct"": 21460, ""databricks-meta-llama-3-3-70b-instruct"": 14911}",0,0.0
290,Frontier Math (AIME),0,0,0,1,STABLE,7,0.267154,255.62,mSPRT,0.0,20.7113,True,52408,4128,48280,7486.9,35,1497.4,255.581,36.512,"{""databricks-qwen3-next-80b-a3b-instruct"": 28761, ""databricks-meta-llama-3-3-70b-instruct"": 23647}",0,0.0
291,Frontier Math (AIME),1,0,1,1,STABLE,1,0.026781999999999997,19.57,unanimous,0.069,1.8333,False,5014,5014,0,5014.0,5,1002.8,19.542,19.542,"{""databricks-qwen3-next-80b-a3b-instruct"": 3363, ""databricks-meta-llama-3-3-70b-instruct"": 1651}",0,0.0
292,Frontier Math (AIME),0,0,0,1,STABLE,7,0.607238,360.44,mSPRT,0.034,23.5041,True,106127,14121,92006,15161.0,35,3032.2,360.399,51.486,"{""databricks-qwen3-next-80b-a3b-instruct"": 91365, ""databricks-meta-llama-3-3-70b-instruct"": 14762}",0,0.0
293,Frontier Math (AIME),1,1,1,1,STABLE,1,0.066132,42.4,unanimous,0.0635,1.8333,False,11688,11688,0,11688.0,5,2337.6,42.366,42.366,"{""databricks-qwen3-next-80b-a3b-instruct"": 9690, ""databricks-meta-llama-3-3-70b-instruct"": 1998}",0,0.0
294,Frontier Math (AIME),0,0,0,1,STABLE,6,0.317614,254.47,mSPRT,0.0575,23.4728,True,58186,6580,51606,9697.7,30,1939.5,254.437,42.406,"{""databricks-qwen3-next-80b-a3b-instruct"": 42435, ""databricks-meta-llama-3-3-70b-instruct"": 15751}",0,0.0
295,Frontier Math (AIME),1,0,1,1,STABLE,10,0.470298,425.83,EL-streak,0.048,4.5239,False,89903,13849,76054,8990.3,50,1798.1,425.786,42.579,"{""databricks-qwen3-next-80b-a3b-instruct"": 55343, ""databricks-meta-llama-3-3-70b-instruct"": 34560}",0,0.0
296,Frontier Math (AIME),1,0,1,1,STABLE,1,0.02348,16.36,unanimous,0.1335,1.8333,False,4480,4480,0,4480.0,5,896.0,16.327,16.327,"{""databricks-qwen3-next-80b-a3b-instruct"": 2780, ""databricks-meta-llama-3-3-70b-instruct"": 1700}",0,0.0
297,Frontier Math (AIME),1,0,1,1,STABLE,1,0.029317999999999997,17.79,unanimous,0.133,1.8333,False,5371,5371,0,5371.0,5,1074.2,17.756,17.756,"{""databricks-qwen3-next-80b-a3b-instruct"": 3917, ""databricks-meta-llama-3-3-70b-instruct"": 1454}",0,0.0
298,Frontier Math (AIME),1,1,1,1,STABLE,1,0.05312399999999999,34.7,unanimous,0.0625,1.8333,False,9272,9272,0,9272.0,5,1854.4,34.663,34.663,"{""databricks-qwen3-next-80b-a3b-instruct"": 8018, ""databricks-meta-llama-3-3-70b-instruct"": 1254}",0,0.0
299,Frontier Math (AIME),0,0,0,0,STABLE,10,0.818044,480.66,mSPRT,0.01,34.4673,True,142739,14135,128604,14273.9,50,2854.8,480.616,48.062,"{""databricks-qwen3-next-80b-a3b-instruct"": 123544, ""databricks-meta-llama-3-3-70b-instruct"": 19195}",0,0.0
300,Frontier Math (AIME),0,0,0,0,UNSTABLE,15,0.46449199999999996,542.18,fallback,0.4575,3.4731,False,88938,1515,87423,5929.2,75,1185.8,542.13,36.142,"{""databricks-qwen3-next-80b-a3b-instruct"": 54370, ""databricks-meta-llama-3-3-70b-instruct"": 34568}",0,0.0
